"Identifier","Count"
"cat_n",29
"wine_n",27
"six_n",26
"moon_n",25
"sister_n",25
"naked_adj",24
"third_adj",24
"third_n",24
"brother_n",23
"new_adj",23
"nine_n",23
"wolf_n",23
"daughter_n",22
"gold_n",22
"seven_n",22
"snow_n",22
"son_n",22
"sweat_n",22
"dream_n",21
"rose_n",21
"ghost_n",20
"man_n",20
"need_n",20
"now_adv",20
"oil_n",20
"proud_adj",20
"silk_n",20
"wool_n",20
"cup_n",19
"kiss_v",19
"mouse_n",19
"rich_adj",19
"silver_n",19
"thou_pron",19
"three_n",19
"young_adj",19
"enemy_n",18
"find_v",18
"horse_n",18
"hundred_n",18
"neck_n",18
"night_n",18
"otter_n",18
"smith_n",18
"staff_n",18
"thousand_n",18
"birch_n",17
"brow_n",17
"clay_n",17
"fever_n",17
"hew_v",17
"iron_n",17
"listen_v",17
"mane_n",17
"nail_n",17
"rat_n",17
"say_v",17
"small_adj",17
"tame_adj",17
"uncle_n",17
"warm_adj",17
"weather_n",17
"apple_n",16
"bed_n",16
"beer_n",16
"crock_n",16
"deep_adj",16
"dog_n",16
"egg_n",16
"father_n",16
"fen_n",16
"folk_n",16
"good_adj",16
"harry_v",16
"holly_n",16
"honey_n",16
"laugh_v",16
"law_n",16
"leaf_n",16
"nest_n",16
"onion_n",16
"out_adv",16
"shirt_n",16
"slave_n",16
"spill_v",16
"we_pron",16
"year_n",16
"ask_v",15
"boy_n",15
"drink_v",15
"heron_n",15
"linen_n",15
"long_adj",15
"many_adj",15
"meat_n",15
"mirror_n",15
"more_adj",15
"needle_n",15
"oak_n",15
"oh_interj",15
"ox_n",15
"penny_n",15
"room_n",15
"short_adj",15
"slime_n",15
"smile_v",15
"soap_n",15
"song_n",15
"sorrow_n",15
"stone_n",15
"street_n",15
"town_n",15
"world_n",15
"yew_n",15
"yield_v",15
"adder_n",14
"arc_n",14
"beard_n",14
"blood_n",14
"bottom_n",14
"broth_n",14
"carpenter_n",14
"chest_n",14
"cousin_n",14
"dare_v",14
"deer_n",14
"defend_v",14
"die_v",14
"far_adv",14
"fir_n",14
"kettle_n",14
"kin_n",14
"king_n",14
"lily_n",14
"loud_adj",14
"lung_n",14
"oath_n",14
"poison_n",14
"sand_n",14
"ship_n",14
"slay_v",14
"so_adv",14
"so_conj",14
"speed_n",14
"stair_n",14
"stamp_v",14
"stick_v",14
"stiff_adj",14
"sunder_v",14
"sweet_adj",14
"thorn_n",14
"to_prep",14
"white_adj",14
"wife_n",14
"with_prep",14
"withy_n",14
"write_v",14
"yon_adj",14
"be_v",13
"bean_n",13
"bear_n",13
"cross_n",13
"doughty_adj",13
"dragon_n",13
"enough_adj",13
"fat_adj",13
"fight_v",13
"foot_n",13
"gable_n",13
"gang_n",13
"gay_adj",13
"god_n",13
"grab_v",13
"hatchet_n",13
"hose_n",13
"left_adj",13
"loaf_n",13
"marrow_n",13
"milk_n",13
"nephew_n",13
"old_adj",13
"other_adj",13
"place_n",13
"pluck_v",13
"ride_v",13
"rune_n",13
"score_n",13
"sea_n",13
"see_v",13
"seek_v",13
"shall_v",13
"shoe_n",13
"sinew_n",13
"smear_v",13
"spider_n",13
"suck_v",13
"swine_n",13
"tea_n",13
"tell_v",13
"thunder_n",13
"week_n",13
"well_adv",13
"whether_conj",13
"winter_n",13
"yellow_adj",13
"acre_n",12
"alder_n",12
"back_n",12
"bad_adj",12
"brown_adj",12
"coast_n",12
"coney_n",12
"dance_v",12
"dart_n",12
"dead_adj",12
"dull_adj",12
"four_n",12
"fox_n",12
"freeze_v",12
"garden_n",12
"grim_adj",12
"hammer_n",12
"hand_n",12
"hem_n",12
"hurt_v",12
"is_v",12
"joke_n",12
"leather_n",12
"lip_n",12
"marshal_n",12
"mile_n",12
"mist_n",12
"month_n",12
"mud_n",12
"path_n",12
"quail_n",12
"raven_n",12
"reek_n",12
"sallow_n",12
"snake_n",12
"sore_adj",12
"sour_adj",12
"speak_v",12
"spoon_n",12
"stead_n",12
"stool_n",12
"strew_v",12
"swear_v",12
"table_n",12
"thin_adj",12
"thing_n",12
"tunic_n",12
"wall_n",12
"wield_v",12
"wight_n",12
"wood_n",12
"worm_n",12
"yellow_n",12
"autumn_n",11
"bear_v",11
"beech_n",11
"best_adj",11
"blend_v",11
"bold_adj",11
"bread_n",11
"bride_n",11
"bronze_n",11
"burn_v",11
"butter_n",11
"cap_n",11
"car_n",11
"chew_v",11
"coal_n",11
"cold_adj",11
"cotton_n",11
"cow_n",11
"dagger_n",11
"day_n",11
"deed_n",11
"devil_n",11
"doom_n",11
"dung_n",11
"edge_n",11
"elm_n",11
"emerald_n",11
"evil_adj",11
"eye_n",11
"fall_v",11
"fang_n",11
"fee_n",11
"fern_n",11
"fiddle_n",11
"field_n",11
"fire_n",11
"free_adj",11
"gain_v",11
"give_v",11
"glass_n",11
"glove_n",11
"goat_n",11
"harsh_adj",11
"hauberk_n",11
"heath_n",11
"help_v",11
"hen_n",11
"hoist_v",11
"hunger_n",11
"ink_n",11
"lade_v",11
"lamentation_n",11
"livid_adj",11
"mask_n",11
"matter_n",11
"mouth_n",11
"nether_adj",11
"offer_v",11
"on_adv",11
"on_prep",11
"ordeal_n",11
"paint_v",11
"palfrey_n",11
"pin_n",11
"ready_adj",11
"rope_n",11
"round_adj",11
"round_adv",11
"rust_n",11
"sallow_adj",11
"scorn_v",11
"script_n",11
"send_v",11
"settle_n",11
"shake_v",11
"shame_n",11
"shape_v",11
"sheep_n",11
"shine_v",11
"sick_adj",11
"sin_n",11
"sit_v",11
"skull_n",11
"sleep_n",11
"slide_v",11
"smite_v",11
"spend_v",11
"stand_v",11
"star_n",11
"storm_n",11
"stow_v",11
"straw_n",11
"stream_n",11
"stretch_v",11
"suspicion_n",11
"swim_v",11
"terrible_adj",11
"there_adv",11
"thumb_n",11
"tight_adj",11
"tremble_v",11
"truce_n",11
"under_prep",11
"war_n",11
"ward_v",11
"which_pron",11
"wit_v",11
"worth_adj",11
"wrong_adj",11
"ye_pron",11
"acorn_n",10
"after_adv",10
"after_prep",10
"amend_v",10
"answer_n",10
"beam_n",10
"belly_n",10
"bench_n",10
"bide_v",10
"bier_n",10
"black_adj",10
"blade_n",10
"boat_n",10
"boil_n",10
"breast_n",10
"bring_v",10
"bruise_v",10
"burst_v",10
"bush_n",10
"cake_n",10
"castle_n",10
"child_n",10
"club_n",10
"come_v",10
"curl_v",10
"dale_n",10
"death_n",10
"deem_v",10
"delve_v",10
"dew_n",10
"dune_n",10
"dwell_v",10
"earn_v",10
"eat_v",10
"eerie_adj",10
"even_adj",10
"first_adj",10
"first_adv",10
"fist_n",10
"flint_n",10
"floor_n",10
"foam_n",10
"forbid_v",10
"fork_n",10
"foul_adj",10
"go_v",10
"grass_n",10
"grave_n",10
"greedy_adj",10
"hair_n",10
"hall_n",10
"hang_v",10
"hare_n",10
"harness_n",10
"harp_n",10
"hell_n",10
"hole_n",10
"hoof_n",10
"hot_adj",10
"hut_n",10
"kitchen_n",10
"lamp_n",10
"lance_n",10
"larch_n",10
"leave_v",10
"let_v",10
"library_n",10
"lid_n",10
"lose_v",10
"lot_n",10
"malt_n",10
"marry_v",10
"master_n",10
"mesh_n",10
"midge_n",10
"might_n",10
"morn_n",10
"moss_n",10
"murder_n",10
"music_n",10
"of_prep",10
"one_n",10
"one_pron",10
"open_adj",10
"palace_n",10
"rain_n",10
"read_v",10
"roam_v",10
"roar_v",10
"rough_adj",10
"sail_n",10
"scum_n",10
"scythe_n",10
"seat_n",10
"shadow_n",10
"shred_n",10
"sill_n",10
"skin_n",10
"skirmish_n",10
"slow_adj",10
"south_adv",10
"spark_n",10
"split_v",10
"sprout_v",10
"spy_v",10
"stammer_v",10
"steep_adj",10
"steer_v",10
"step_v",10
"stop_v",10
"stride_v",10
"stumble_v",10
"swan_n",10
"sword_n",10
"take_v",10
"threat_n",10
"tile_n",10
"till_v",10
"tin_n",10
"tomb_n",10
"tooth_n",10
"towel_n",10
"true_adj",10
"turf_n",10
"understand_v",10
"vine_n",10
"wander_v",10
"ware_n",10
"what_pron",10
"where_adv",10
"whet_v",10
"whole_adj",10
"wold_n",10
"am_v",9
"arrow_n",9
"at_prep",9
"bake_v",9
"baleful_adj",9
"bare_adj",9
"barge_n",9
"better_adv",9
"birth_n",9
"bite_v",9
"blank_adj",9
"bleat_v",9
"blind_v",9
"booth_n",9
"bough_n",9
"brand_n",9
"breach_n",9
"bury_v",9
"call_v",9
"candle_n",9
"chimney_n",9
"chin_n",9
"choose_v",9
"city_n",9
"cress_n",9
"crumb_n",9
"crush_v",9
"curse_n",9
"dear_adj",9
"dismay_v",9
"door_n",9
"draw_v",9
"drive_v",9
"drum_n",9
"dry_adj",9
"dust_n",9
"earth_n",9
"ember_n",9
"error_n",9
"face_n",9
"false_adj",9
"family_n",9
"fast_adv",9
"feather_n",9
"finch_n",9
"fish_n",9
"flask_n",9
"flee_v",9
"follow_v",9
"for_prep",9
"forest_n",9
"forlorn_adj",9
"friend_n",9
"full_adj",9
"garland_n",9
"gift_n",9
"glow_v",9
"grave_v",9
"ground_n",9
"guest_n",9
"gulf_n",9
"hard_adj",9
"hate_n",9
"hate_v",9
"hazel_n",9
"head_n",9
"heaven_n",9
"hedge_n",9
"height_n",9
"help_n",9
"here_adv",9
"home_n",9
"icicle_n",9
"jar_n",9
"juniper_n",9
"knee_n",9
"lair_n",9
"loan_n",9
"loose_adj",9
"lust_n",9
"machine_n",9
"maggot_n",9
"maiden_n",9
"make_v",9
"manner_n",9
"mantle_n",9
"mar_v",9
"mast_n",9
"mattress_n",9
"merry_adj",9
"mine_pron",9
"name_n",9
"nigh_adv",9
"no_adv",9
"oar_n",9
"only_adj",9
"or_conj",9
"owl_n",9
"peace_n",9
"pilgrim_n",9
"pine_v",9
"pint_n",9
"plague_n",9
"pledge_n",9
"poplar_n",9
"pretty_adj",9
"pride_n",9
"pure_adj",9
"put_v",9
"queen_n",9
"quick_adj",9
"raw_adj",9
"road_n",9
"roof_n",9
"rot_v",9
"ruffian_n",9
"sad_adj",9
"sale_n",9
"same_adj",9
"sapphire_n",9
"scarlet_n",9
"scream_v",9
"screen_n",9
"season_n",9
"seed_n",9
"sense_n",9
"seventh_adj",9
"shade_n",9
"sheath_n",9
"sheen_n",9
"shoulder_n",9
"side_n",9
"sight_n",9
"silly_adj",9
"sink_v",9
"sleep_v",9
"sleeve_n",9
"sloe_n",9
"snail_n",9
"snout_n",9
"spirit_n",9
"spook_n",9
"steal_v",9
"stirrup_n",9
"strike_v",9
"string_n",9
"stutter_v",9
"such_adj",9
"sun_n",9
"tale_n",9
"tame_v",9
"thank_v",9
"thick_adj",9
"thief_n",9
"this_pron",9
"though_adv",9
"though_conj",9
"timber_n",9
"tobacco_n",9
"toe_n",9
"token_n",9
"tongue_n",9
"trap_n",9
"tread_v",9
"treasure_n",9
"trip_v",9
"uncouth_adj",9
"until_prep",9
"up_adv",9
"wash_v",9
"way_n",9
"weapon_n",9
"weep_v",9
"whisper_v",9
"who_pron",9
"win_v",9
"wise_n",9
"wish_v",9
"wit_n",9
"womb_n",9
"word_n",9
"yoke_n",9
"you_pron",9
"youth_n",9
"affray_n",8
"afraid_adj",8
"ale_n",8
"all_adj",8
"all_adv",8
"and_conj",8
"anger_v",8
"ankle_n",8
"array_v",8
"attempt_v",8
"axe_n",8
"bane_n",8
"bead_n",8
"beak_n",8
"begin_v",8
"beryl_n",8
"bid_v",8
"blind_adj",8
"bolt_n",8
"borrow_v",8
"brain_n",8
"break_v",8
"brew_v",8
"by_adv",8
"by_prep",8
"canopy_n",8
"carve_v",8
"cherry_n",8
"clean_adj",8
"clear_adj",8
"cling_v",8
"coach_n",8
"coat_n",8
"cottage_n",8
"cry_v",8
"cut_v",8
"die_n",8
"dish_n",8
"dizzy_adj",8
"dozen_n",8
"drench_v",8
"drift_n",8
"dwarf_n",8
"dwindle_v",8
"ebony_n",8
"eel_n",8
"end_n",8
"errand_n",8
"eve_n",8
"fail_v",8
"fair_adj",8
"far_adj",8
"fare_v",8
"feed_v",8
"feel_v",8
"fetter_n",8
"fey_adj",8
"fifth_adj",8
"fifth_n",8
"flank_n",8
"fleet_n",8
"flood_n",8
"forty_adj",8
"forty_n",8
"fountain_n",8
"fowl_n",8
"fragrant_adj",8
"garble_v",8
"garnet_n",8
"gate_n",8
"gather_v",8
"girdle_n",8
"glitter_v",8
"glory_n",8
"gnaw_v",8
"grate_v",8
"great_adj",8
"green_adj",8
"grind_v",8
"grit_n",8
"grow_v",8
"guide_v",8
"hardy_adj",8
"hart_n",8
"hay_n",8
"he_pron",8
"heap_n",8
"hear_v",8
"heart_n",8
"heavy_adj",8
"hill_n",8
"hope_v",8
"horn_n",8
"ice_n",8
"if_conj",8
"imp_n",8
"in_adv",8
"in_prep",8
"isle_n",8
"knife_n",8
"knot_n",8
"know_v",8
"lack_n",8
"ladder_n",8
"leak_v",8
"leap_v",8
"learn_v",8
"leg_n",8
"lifeless_adj",8
"like_v",8
"linden_n",8
"live_v",8
"long_v",8
"love_n",8
"mad_adj",8
"magic_n",8
"maim_v",8
"marsh_n",8
"melt_v",8
"middle_adj",8
"mingle_v",8
"mock_v",8
"nasty_adj",8
"nineteen_adj",8
"nose_n",8
"nut_n",8
"odd_adj",8
"oral_adj",8
"owe_v",8
"pack_n",8
"pillow_n",8
"please_v",8
"poet_n",8
"prick_v",8
"print_n",8
"pull_v",8
"quail_v",8
"quell_v",8
"rabbit_n",8
"rain_v",8
"rainbow_n",8
"rash_adj",8
"reach_v",8
"recent_adj",8
"reck_v",8
"reckon_v",8
"reed_n",8
"reek_v",8
"rhyme_n",8
"ridge_n",8
"rise_v",8
"saffron_n",8
"salt_n",8
"scud_v",8
"sedge_n",8
"seethe_v",8
"seldom_adv",8
"self_n",8
"sell_v",8
"serious_adj",8
"sharp_adj",8
"shave_v",8
"shell_n",8
"shield_n",8
"shore_n",8
"shot_n",8
"singe_v",8
"sixth_adj",8
"sixth_n",8
"sixty_adj",8
"skill_n",8
"snowy_adj",8
"socket_n",8
"sore_n",8
"sorry_adj",8
"spare_v",8
"sparrow_n",8
"speech_n",8
"spine_n",8
"spot_n",8
"spread_v",8
"spur_n",8
"start_v",8
"starve_v",8
"stick_n",8
"stir_v",8
"stole_n",8
"stomach_n",8
"stout_adj",8
"stump_n",8
"swamp_n",8
"sward_n",8
"swart_adj",8
"swell_v",8
"talent_n",8
"thatch_v",8
"think_v",8
"thirteenth_n",8
"thread_n",8
"through_adv",8
"through_prep",8
"till_prep",8
"time_n",8
"toll_n",8
"tree_n",8
"trough_n",8
"trust_n",8
"twain_n",8
"twelfth_n",8
"twenty_n",8
"two_n",8
"ugly_adj",8
"utter_adj",8
"voice_n",8
"vomit_n",8
"walk_v",8
"wand_n",8
"wane_v",8
"wary_adj",8
"waste_v",8
"wave_n",8
"weak_adj",8
"wedge_n",8
"weight_n",8
"wheel_n",8
"when_adv",8
"while_n",8
"wild_adj",8
"wisdom_n",8
"wise_adj",8
"witch_n",8
"woe_n",8
"wonder_n",8
"worse_adj",8
"wreath_n",8
"wroth_adj",8
"adamant_n",7
"again_adv",7
"age_n",7
"alike_adj",7
"allay_v",7
"allot_v",7
"anvil_n",7
"aware_adj",7
"awe_n",7
"badger_n",7
"bag_n",7
"bald_adj",7
"bargain_v",7
"basin_n",7
"become_v",7
"bee_n",7
"belief_n",7
"bell_n",7
"belt_n",7
"berry_n",7
"besom_n",7
"bight_n",7
"billow_n",7
"bind_v",7
"bite_n",7
"bitter_adj",7
"bleak_adj",7
"bless_v",7
"blossom_n",7
"blush_v",7
"body_n",7
"bolster_n",7
"book_n",7
"border_n",7
"bosom_n",7
"bower_n",7
"bracket_n",7
"brave_adj",7
"breakfast_n",7
"bridle_n",7
"bristle_n",7
"broad_adj",7
"brook_v",7
"busy_adj",7
"catch_v",7
"cedar_n",7
"change_v",7
"cheek_n",7
"chief_adj",7
"clatter_v",7
"claw_n",7
"cliff_n",7
"cloth_n",7
"comb_n",7
"companion_n",7
"conscience_n",7
"cook_n",7
"cool_adj",7
"coral_n",7
"courage_n",7
"craft_n",7
"creep_v",7
"dad_n",7
"depth_n",7
"dike_n",7
"dim_adj",7
"din_n",7
"drab_adj",7
"drag_v",7
"drip_v",7
"drop_n",7
"drop_v",7
"dumb_adj",7
"dusk_n",7
"earnest_adj",7
"earnest_n",7
"eave_n",7
"elbow_n",7
"else_adv",7
"equip_v",7
"fallow_adj",7
"farthing_n",7
"fast_adj",7
"fate_n",7
"fathom_n",7
"fear_v",7
"feud_n",7
"few_adj",7
"fill_v",7
"finger_n",7
"flake_n",7
"flesh_n",7
"float_v",7
"flow_v",7
"flower_n",7
"flute_n",7
"fodder_n",7
"foe_n",7
"food_n",7
"fright_n",7
"frost_n",7
"fruit_n",7
"fur_n",7
"gallop_v",7
"gap_n",7
"gear_n",7
"gem_n",7
"get_v",7
"gimlet_n",7
"gird_v",7
"glad_adj",7
"goal_n",7
"gorse_n",7
"grime_n",7
"guess_v",7
"hale_adj",7
"hallow_v",7
"handle_v",7
"harvest_n",7
"hat_n",7
"have_v",7
"hawthorn_n",7
"heal_v",7
"heed_v",7
"hinder_v",7
"hit_v",7
"hive_n",7
"hoarse_adj",7
"hound_n",7
"hour_n",7
"house_n",7
"how_adv",7
"insolent_adj",7
"intend_v",7
"irk_v",7
"island_n",7
"it_pron",7
"itch_v",7
"ivory_n",7
"jaw_n",7
"keen_adj",7
"knight_n",7
"knob_n",7
"lace_n",7
"lane_n",7
"late_adj",7
"lave_v",7
"lee_n",7
"life_n",7
"loft_n",7
"loiter_v",7
"look_v",7
"lore_n",7
"lure_n",7
"marble_n",7
"market_n",7
"meet_v",7
"model_n",7
"moor_n",7
"moor_v",7
"moot_n",7
"mortal_adj",7
"most_adj",7
"moth_n",7
"mound_n",7
"mourn_v",7
"muzzle_n",7
"narrow_adj",7
"neigh_v",7
"nettle_n",7
"next_adj",7
"niggard_n",7
"nimble_adj",7
"ninety_n",7
"open_v",7
"ore_n",7
"our_pron",7
"over_adv",7
"over_prep",7
"overshadow_v",7
"own_adj",7
"packet_n",7
"pale_n",7
"passion_n",7
"peat_n",7
"plant_n",7
"plate_n",7
"play_v",7
"pony_n",7
"praise_v",7
"prove_v",7
"purse_n",7
"quay_n",7
"quiver_n",7
"rage_n",7
"rash_n",7
"rede_n",7
"regret_v",7
"reluctance_n",7
"residence_n",7
"rick_n",7
"river_n",7
"roast_v",7
"run_v",7
"saddle_n",7
"sail_v",7
"scholar_n",7
"scoop_n",7
"scoop_v",7
"scorch_v",7
"scorn_n",7
"sear_v",7
"seize_v",7
"shame_v",7
"shard_n",7
"shear_v",7
"sheer_adj",7
"shepherd_n",7
"shin_n",7
"shop_n",7
"show_v",7
"shrink_v",7
"shut_v",7
"sip_v",7
"sky_n",7
"slim_adj",7
"slink_v",7
"sneer_v",7
"snow_v",7
"soon_adv",7
"southern_adj",7
"spire_n",7
"spoke_n",7
"starling_n",7
"stew_v",7
"steward_n",7
"sting_v",7
"storm_v",7
"strange_adj",7
"stride_n",7
"strong_adj",7
"swerve_v",7
"tall_adj",7
"teak_n",7
"that_pron",7
"thigh_n",7
"thirst_n",7
"throat_n",7
"throw_v",7
"tide_n",7
"till_n",7
"tough_adj",7
"troop_n",7
"truant_n",7
"twitch_v",7
"uneven_adj",7
"unheard_adj",7
"untrue_adj",7
"unwise_adj",7
"vassal_n",7
"vegetable_n",7
"wad_n",7
"wafer_n",7
"wage_n",7
"waist_n",7
"wait_v",7
"watch_n",7
"weigh_v",7
"well_v",7
"werewolf_n",7
"whip_v",7
"wide_adj",7
"window_n",7
"wisp_n",7
"worry_v",7
"wort_n",7
"wrench_v",7
"wring_v",7
"wrist_n",7
"wry_adj",7
"yell_v",7
"abyss_n",6
"afflict_v",6
"ambassador_n",6
"ant_n",6
"archer_n",6
"army_n",6
"arrest_v",6
"art_n",6
"attach_v",6
"bacon_n",6
"banner_n",6
"barb_n",6
"beach_n",6
"beacon_n",6
"beat_v",6
"beauty_n",6
"beg_v",6
"beleaguer_v",6
"believe_v",6
"beset_v",6
"bleed_v",6
"bloody_adj",6
"boar_n",6
"bottle_n",6
"brandish_v",6
"brick_n",6
"bright_adj",6
"brood_n",6
"bud_n",6
"burnish_v",6
"buy_v",6
"camp_n",6
"certain_adj",6
"chain_n",6
"chamberlain_n",6
"chestnut_n",6
"cleft_n",6
"collar_n",6
"common_adj",6
"conceive_v",6
"cornel_n",6
"cough_v",6
"cower_v",6
"crack_v",6
"crag_n",6
"crave_v",6
"cream_n",6
"crimson_n",6
"crook_n",6
"crop_n",6
"crowd_v",6
"crown_n",6
"cur_n",6
"curtain_n",6
"cushion_n",6
"daw_n",6
"dearth_n",6
"drape_v",6
"easy_adj",6
"ebb_n",6
"eighth_adj",6
"eighth_n",6
"embassy_n",6
"engage_v",6
"espy_v",6
"fact_n",6
"fasten_v",6
"fear_n",6
"feast_n",6
"feature_n",6
"fellow_n",6
"fifteenth_n",6
"fiftieth_n",6
"firmament_n",6
"fleck_v",6
"flinch_v",6
"fling_v",6
"ford_n",6
"foremost_adj",6
"forget_v",6
"forgive_v",6
"forth_adv",6
"fourth_adj",6
"fourth_n",6
"free_v",6
"from_prep",6
"fry_v",6
"function_n",6
"furnish_v",6
"gain_n",6
"gait_n",6
"gallant_adj",6
"gar_n",6
"giant_n",6
"glimmer_v",6
"glisten_v",6
"glower_v",6
"govern_v",6
"grace_n",6
"grasp_v",6
"gravel_n",6
"greet_v",6
"grub_v",6
"grunt_v",6
"guard_v",6
"guild_n",6
"gut_n",6
"haggard_adj",6
"halter_n",6
"hark_v",6
"harm_n",6
"haste_n",6
"haunt_v",6
"haven_n",6
"hearth_n",6
"heat_n",6
"heat_v",6
"helmet_n",6
"herb_n",6
"hey_interj",6
"hinge_n",6
"hire_v",6
"honeycomb_n",6
"hook_n",6
"horrible_adj",6
"horror_n",6
"hungry_adj",6
"hunt_v",6
"idea_n",6
"idle_adj",6
"insect_n",6
"ivy_n",6
"jig_n",6
"journey_n",6
"joy_n",6
"judge_n",6
"judge_v",6
"knell_n",6
"knuckle_n",6
"laughter_n",6
"leap_n",6
"lend_v",6
"length_n",6
"let_n",6
"lettuce_n",6
"lift_v",6
"like_adj",6
"linger_v",6
"little_adj",6
"load_n",6
"lodge_n",6
"louver_n",6
"map_n",6
"marvel_n",6
"mason_n",6
"meddle_v",6
"member_n",6
"midday_n",6
"mow_v",6
"murder_v",6
"murderer_n",6
"murmur_n",6
"myriad_n",6
"myrtle_n",6
"nail_v",6
"name_v",6
"neat_adj",6
"never_adv",6
"nod_v",6
"noise_n",6
"overcome_v",6
"overhear_v",6
"pack_v",6
"pane_n",6
"pedestal_n",6
"people_n",6
"picnic_n",6
"pine_n",6
"plunder_v",6
"poor_adj",6
"power_n",6
"prance_v",6
"prosper_v",6
"prowess_n",6
"purple_adj",6
"pyramid_n",6
"rather_adv",6
"real_adj",6
"realm_n",6
"rend_v",6
"restless_adj",6
"ribbon_n",6
"rid_v",6
"rider_n",6
"rill_n",6
"rind_n",6
"rob_v",6
"robe_n",6
"round_n",6
"rub_v",6
"ruin_n",6
"rummage_v",6
"rusty_adj",6
"scabbard_n",6
"scoff_v",6
"scree_n",6
"seem_v",6
"serpent_n",6
"shank_n",6
"shimmer_v",6
"shire_n",6
"shore_v",6
"shroud_n",6
"shrub_n",6
"shudder_v",6
"sift_v",6
"smelt_v",6
"soft_adj",6
"sorrow_v",6
"soup_n",6
"space_n",6
"speed_v",6
"spite_n",6
"spoil_n",6
"spout_v",6
"spy_n",6
"squirrel_n",6
"stank_n",6
"steady_adj",6
"step_n",6
"stink_v",6
"straggle_v",6
"strap_n",6
"strip_v",6
"struggle_v",6
"stunt_v",6
"sturdy_adj",6
"swath_n",6
"sweat_v",6
"tangle_v",6
"tapestry_n",6
"tarnish_v",6
"tenth_adj",6
"tenth_n",6
"thanks_n",6
"then_adv",6
"thence_adv",6
"they_pron",6
"thistle_n",6
"thither_adv",6
"threshold_n",6
"thus_adv",6
"track_n",6
"tramp_v",6
"trot_v",6
"twig_n",6
"twilight_n",6
"tyrant_n",6
"unclear_adj",6
"unseen_adj",6
"untidy_adj",6
"upward_adv",6
"urge_v",6
"utter_v",6
"vague_adj",6
"verse_n",6
"waive_v",6
"wear_v",6
"web_n",6
"wet_adj",6
"whistle_v",6
"wicker_n",6
"wing_n",6
"wink_v",6
"wire_n",6
"wise_v",6
"withstand_v",6
"worst_adj",6
"wound_n",6
"wreck_n",6
"yawn_v",6
"yonder_adv",6
"abandon_v",5
"aboard_adv",5
"abominable_adj",5
"above_adv",5
"above_prep",5
"address_v",5
"agony_n",5
"along_adv",5
"along_prep",5
"anemone_n",5
"apt_adj",5
"arch_n",5
"article_n",5
"babble_v",5
"baldric_n",5
"ballast_n",5
"baluster_n",5
"banish_v",5
"banquet_n",5
"barn_n",5
"barrel_n",5
"basket_n",5
"bathe_v",5
"beast_n",5
"beckon_v",5
"before_adv",5
"before_prep",5
"beget_v",5
"behold_v",5
"bivouac_n",5
"blast_n",5
"blast_v",5
"blink_v",5
"bole_n",5
"booty_n",5
"bray_v",5
"brink_n",5
"build_v",5
"bulwark_n",5
"bundle_n",5
"buttress_n",5
"cabbage_n",5
"calm_adj",5
"canker_n",5
"captain_n",5
"care_n",5
"career_n",5
"carrion_n",5
"cast_v",5
"cauldron_n",5
"cavalcade_n",5
"chalk_n",5
"cheer_n",5
"choice_n",5
"circle_n",5
"citadel_n",5
"climb_v",5
"clot_n",5
"clumsy_adj",5
"comely_adj",5
"community_n",5
"cone_n",5
"conspiracy_n",5
"consult_v",5
"cook_v",5
"corrupt_adj",5
"corsair_n",5
"courteous_adj",5
"cringe_v",5
"crystal_n",5
"cypress_n",5
"danger_n",5
"dark_adj",5
"dawn_v",5
"deep_n",5
"defile_v",5
"delay_v",5
"deny_v",5
"develop_v",5
"dig_v",5
"dingle_n",5
"dome_n",5
"dot_n",5
"doubt_v",5
"drag_n",5
"dreary_adj",5
"dregs_n",5
"dry_v",5
"eager_adj",5
"eagle_n",5
"effect_n",5
"effort_n",5
"elf_n",5
"embrace_v",5
"empty_adj",5
"enter_v",5
"estate_n",5
"excuse_v",5
"fallow_n",5
"fathom_v",5
"fief_n",5
"fight_n",5
"fill_n",5
"filth_n",5
"fish_v",5
"fisher_n",5
"flotsam_n",5
"force_n",5
"forehead_n",5
"forsake_v",5
"freedom_n",5
"freely_adv",5
"fumble_v",5
"fume_n",5
"garb_n",5
"garrison_n",5
"gash_n",5
"genealogy_n",5
"gild_v",5
"gleam_n",5
"glen_n",5
"glint_v",5
"gloat_v",5
"gloom_n",5
"golden_adj",5
"goodly_adj",5
"gown_n",5
"grin_v",5
"grip_v",5
"groan_v",5
"group_n",5
"guise_n",5
"haft_n",5
"harp_v",5
"havoc_n",5
"health_n",5
"herald_n",5
"hideous_adj",5
"hilt_n",5
"hind_adj",5
"hinder_adj",5
"hint_n",5
"history_n",5
"hither_adv",5
"hoard_n",5
"holm_n",5
"hope_n",5
"horizon_n",5
"hug_v",5
"human_adj",5
"hump_n",5
"hunger_v",5
"hurl_v",5
"hurry_v",5
"hyacinth_n",5
"icy_adj",5
"instrument_n",5
"interest_n",5
"issue_n",5
"justice_n",5
"keep_v",5
"kind_n",5
"kindle_v",5
"kingdom_n",5
"knit_v",5
"label_n",5
"language_n",5
"large_adj",5
"leader_n",5
"leave_n",5
"legion_n",5
"liar_n",5
"lightly_adv",5
"loathly_adj",5
"loop_n",5
"luck_n",5
"lull_v",5
"luxury_n",5
"make_n",5
"many_n",5
"marriage_n",5
"meadow_n",5
"menace_n",5
"mess_n",5
"mighty_adj",5
"mind_n",5
"minute_n",5
"mirth_n",5
"mischief_n",5
"moment_n",5
"muck_n",5
"mushroom_n",5
"nibble_v",5
"niche_n",5
"nightmare_n",5
"nightshade_n",5
"noose_n",5
"number_n",5
"openly_adv",5
"organ_n",5
"overflow_v",5
"paladin_n",5
"paper_n",5
"parchment_n",5
"parsley_n",5
"part_n",5
"pea_n",5
"phalanx_n",5
"phial_n",5
"pickle_n",5
"pity_n",5
"police_n",5
"pouch_n",5
"pray_v",5
"prince_n",5
"property_n",5
"prow_n",5
"quench_v",5
"raise_v",5
"range_n",5
"rank_n",5
"rattle_v",5
"recover_v",5
"refresh_v",5
"release_v",5
"remain_v",5
"remainder_n",5
"renown_n",5
"retch_v",5
"rhythm_n",5
"rift_n",5
"right_adv",5
"riot_n",5
"rive_v",5
"rod_n",5
"rumble_v",5
"sacred_adj",5
"save_v",5
"scalp_n",5
"scan_v",5
"scimitar_n",5
"scion_n",5
"scowl_v",5
"scrape_v",5
"screech_v",5
"scroll_n",5
"secure_adj",5
"servant_n",5
"shabby_adj",5
"shadow_v",5
"sign_n",5
"sinister_adj",5
"skeleton_n",5
"slab_n",5
"slobber_v",5
"sloth_n",5
"sly_adj",5
"smell_v",5
"smother_v",5
"snap_n",5
"snap_v",5
"soak_v",5
"soldier_n",5
"sorcerer_n",5
"special_adj",5
"sprawl_v",5
"sprinkle_v",5
"stagger_v",5
"stain_v",5
"steadfast_adj",5
"steam_n",5
"steed_n",5
"stench_n",5
"stifle_v",5
"stint_v",5
"stocking_n",5
"stony_adj",5
"stratagem_n",5
"strength_n",5
"strife_n",5
"sump_n",5
"swing_v",5
"tablet_n",5
"tackle_n",5
"task_n",5
"taste_v",5
"teach_v",5
"tense_n",5
"terebinth_n",5
"term_n",5
"terror_n",5
"thereby_adv",5
"therefore_adv",5
"thirty_adj",5
"thirty_n",5
"throne_n",5
"throng_n",5
"tickle_v",5
"tidy_adj",5
"tinder_n",5
"tor_n",5
"touch_v",5
"toy_n",5
"trade_n",5
"tribe_n",5
"trot_n",5
"tryst_n",5
"tuck_v",5
"tumble_v",5
"turn_v",5
"tusk_n",5
"unbidden_adj",5
"unfriendly_adj",5
"unlike_adj",5
"unrest_n",5
"unsaid_adj",5
"upper_adj",5
"urchin_n",5
"venom_n",5
"very_adj",5
"vow_n",5
"waft_v",5
"ward_n",5
"ware_v",5
"warn_v",5
"warren_n",5
"wave_v",5
"waver_v",5
"welcome_n",5
"while_v",5
"why_adv",5
"willow_n",5
"wish_n",5
"wizen_v",5
"wonder_v",5
"wrack_n",5
"wright_n",5
"yammer_v",5
"yet_adv",5
"abash_v",4
"abuse_n",4
"accent_n",4
"accident_n",4
"account_n",4
"account_v",4
"admit_v",4
"adventure_n",4
"agree_v",4
"ah_interj",4
"aim_v",4
"aisle_n",4
"alarm_n",4
"alcove_n",4
"allow_v",4
"already_adv",4
"also_adv",4
"ambush_v",4
"amethyst_n",4
"amid_prep",4
"among_prep",4
"amuse_v",4
"anger_n",4
"apparent_adj",4
"approach_v",4
"argue_v",4
"armpit_n",4
"arrange_v",4
"as_adv",4
"as_conj",4
"assemble_v",4
"authority_n",4
"avalanche_n",4
"avoid_v",4
"awake_v",4
"bachelor_n",4
"balance_n",4
"barren_adj",4
"base_n",4
"bask_v",4
"bastard_n",4
"bastion_n",4
"befall_v",4
"beggar_n",4
"behead_v",4
"belong_v",4
"beneath_prep",4
"betray_v",4
"beware_v",4
"blame_v",4
"blench_v",4
"blot_n",4
"bode_v",4
"bog_n",4
"boon_n",4
"boulder_n",4
"brace_n",4
"bracelet_n",4
"bracken_n",4
"branch_n",4
"brat_n",4
"brazier_n",4
"breath_n",4
"breed_v",4
"brim_n",4
"broach_v",4
"brook_n",4
"broom_n",4
"bubble_n",4
"budge_v",4
"bulk_n",4
"bully_n",4
"burial_n",4
"but_adv",4
"but_prep",4
"cage_n",4
"captivity_n",4
"careless_adj",4
"carrot_n",4
"carry_v",4
"cart_n",4
"cattle_n",4
"cave_n",4
"cavern_n",4
"cease_v",4
"ceiling_n",4
"certainty_n",4
"cesspool_n",4
"challenge_v",4
"chamber_n",4
"champion_n",4
"chance_n",4
"character_n",4
"charcoal_n",4
"charge_v",4
"childish_adj",4
"chill_n",4
"circumstance_n",4
"cistern_n",4
"clamber_v",4
"claw_v",4
"click_v",4
"cloak_n",4
"close_v",4
"comfort_n",4
"comfort_v",4
"command_v",4
"company_n",4
"comparative_adj",4
"compare_v",4
"compulsion_n",4
"comrade_n",4
"conceal_v",4
"condemn_v",4
"condition_n",4
"confess_v",4
"confuse_v",4
"confused_adj",4
"contradiction_n",4
"contrive_v",4
"cool_v",4
"coppice_n",4
"cord_n",4
"corrupt_v",4
"cost_n",4
"countenance_n",4
"cradle_n",4
"crescent_n",4
"crest_n",4
"crotch_n",4
"crow_n",4
"curiosity_n",4
"custom_n",4
"dainty_adj",4
"dais_n",4
"dangle_v",4
"daze_v",4
"debt_n",4
"degree_n",4
"demon_n",4
"depression_n",4
"deprive_v",4
"destiny_n",4
"destroy_v",4
"diamond_n",4
"dine_v",4
"dinner_n",4
"dint_n",4
"disaster_n",4
"discover_v",4
"disguise_v",4
"dismal_adj",4
"dissemble_v",4
"dissipate_v",4
"distinguish_v",4
"disturb_v",4
"dive_v",4
"don_n",4
"doze_v",4
"drain_v",4
"dress_v",4
"dungeon_n",4
"eastern_adj",4
"echo_n",4
"eclipse_n",4
"element_n",4
"embalm_v",4
"embroider_v",4
"enchantment_n",4
"endure_v",4
"engine_n",4
"enhance_v",4
"enjoy_v",4
"exchange_v",4
"exile_n",4
"faith_n",4
"falsehood_n",4
"fame_n",4
"famous_adj",4
"fanfare_n",4
"fantasy_n",4
"farm_n",4
"fascinate_v",4
"fashion_n",4
"fast_n",4
"fat_n",4
"fatherless_adj",4
"feign_v",4
"feint_n",4
"fierce_adj",4
"figure_n",4
"flame_n",4
"flat_adj",4
"flatter_v",4
"follower_n",4
"footpad_n",4
"forbear_v",4
"foreign_adj",4
"foresee_v",4
"form_n",4
"fortnight_n",4
"foundation_n",4
"fourteenth_adj",4
"fourteenth_n",4
"frequent_adj",4
"friendship_n",4
"frown_v",4
"fully_adv",4
"furious_adj",4
"further_adj",4
"further_adv",4
"fury_n",4
"gainsay_v",4
"gardener_n",4
"garment_n",4
"gaunt_adj",4
"gaze_v",4
"gentle_adj",4
"girth_n",4
"glade_n",4
"gloaming_n",4
"glorious_adj",4
"gnat_n",4
"goblin_n",4
"gossamer_n",4
"grain_n",4
"grave_adj",4
"green_v",4
"grimly_adv",4
"guardian_n",4
"gust_n",4
"ha_interj",4
"hamlet_n",4
"happy_adj",4
"hazard_n",4
"headless_adj",4
"heartless_adj",4
"hence_adv",4
"heredity_n",4
"hesitation_n",4
"him_pron",4
"historian_n",4
"hoard_v",4
"house_v",4
"hubbub_n",4
"huddle_v",4
"idleness_n",4
"impotent_adj",4
"influence_n",4
"inner_adj",4
"inspection_n",4
"inspiration_n",4
"instance_n",4
"invasion_n",4
"invention_n",4
"jacket_n",4
"join_v",4
"joint_n",4
"juggler_n",4
"jump_v",4
"kind_adj",4
"kine_n",4
"knoll_n",4
"lantern_n",4
"larder_n",4
"lass_n",4
"least_adj",4
"leathern_adj",4
"leer_v",4
"level_n",4
"lineage_n",4
"ling_n",4
"liquor_n",4
"loom_v",4
"lord_n",4
"loss_n",4
"loud_adv",4
"lounge_v",4
"love_v",4
"loyal_adj",4
"loyalty_n",4
"magic_adj",4
"magnificence_n",4
"maid_n",4
"majesty_n",4
"manage_v",4
"manger_n",4
"mansion_n",4
"mariner_n",4
"marjoram_n",4
"maze_n",4
"measure_n",4
"melody_n",4
"mercy_n",4
"merge_v",4
"message_n",4
"metal_n",4
"mire_n",4
"mix_v",4
"moat_n",4
"monster_n",4
"moo_v",4
"moonshine_n",4
"move_v",4
"much_adj",4
"mutter_v",4
"nature_n",4
"newly_adv",4
"nickname_n",4
"noble_adj",4
"nook_n",4
"northern_adj",4
"nuncheon_n",4
"obey_v",4
"occasional_adj",4
"office_n",4
"ooze_n",4
"opinion_n",4
"oppress_v",4
"order_n",4
"origin_n",4
"outward_adj",4
"pain_n",4
"pale_adj",4
"parch_v",4
"patient_n",4
"pause_n",4
"pearl_n",4
"peasant_n",4
"penthouse_n",4
"perceive_v",4
"perfect_adj",4
"perform_v",4
"perish_v",4
"pestilence_n",4
"phantom_n",4
"plain_adj",4
"plank_n",4
"plant_v",4
"pleasure_n",4
"plenty_n",4
"plot_n",4
"plume_n",4
"pocket_n",4
"poetry_n",4
"point_n",4
"poise_v",4
"polish_v",4
"porch_n",4
"pork_n",4
"pour_v",4
"price_n",4
"prickle_n",4
"prime_n",4
"prison_n",4
"prisoner_n",4
"problem_n",4
"profit_n",4
"promise_v",4
"protect_v",4
"protection_n",4
"provender_n",4
"publish_v",4
"putrid_adj",4
"quality_n",4
"question_n",4
"quote_v",4
"rampart_n",4
"range_v",4
"rapid_adj",4
"rascal_n",4
"ravine_n",4
"reader_n",4
"reason_n",4
"reasonable_adj",4
"recall_v",4
"receive_v",4
"reckless_adj",4
"reckoning_n",4
"recognition_n",4
"record_n",4
"reduce_v",4
"reflect_v",4
"refrain_v",4
"regard_n",4
"regard_v",4
"regular_adj",4
"rejoice_v",4
"remain_n",4
"remember_v",4
"reminiscence_n",4
"remorse_n",4
"renew_v",4
"repent_v",4
"resin_n",4
"resolution_n",4
"resolve_v",4
"restoration_n",4
"reward_v",4
"rinse_v",4
"risk_n",4
"rouse_v",4
"rove_v",4
"rubble_n",4
"ruby_n",4
"ruffle_v",4
"safe_adj",4
"salt_v",4
"salver_n",4
"sample_n",4
"scene_n",4
"scrupulous_adj",4
"search_v",4
"second_adj",4
"see_n",4
"sensible_adj",4
"sequel_n",4
"serve_v",4
"settle_v",4
"shatter_v",4
"she_pron",4
"shelter_n",4
"siege_n",4
"sign_v",4
"simple_adj",4
"skirt_n",4
"skulk_v",4
"slant_v",4
"slaughter_n",4
"smithy_n",4
"sneak_v",4
"snore_v",4
"sob_v",4
"solemn_adj",4
"somersault_n",4
"sort_n",4
"spasm_n",4
"speaker_n",4
"spittle_n",4
"splendid_adj",4
"sputter_v",4
"squad_n",4
"square_n",4
"stage_n",4
"stampede_n",4
"stand_n",4
"stealth_n",4
"steep_v",4
"store_v",4
"strangle_v",4
"strawberry_n",4
"study_n",4
"stuff_n",4
"stupid_adj",4
"subject_adj",4
"subject_n",4
"suffer_v",4
"sullen_adj",4
"supper_n",4
"supplant_v",4
"sure_adj",4
"swoop_v",4
"syllable_n",4
"tamarisk_n",4
"tankard_n",4
"taste_n",4
"than_conj",4
"thirst_v",4
"thirsty_adj",4
"thong_n",4
"thorny_adj",4
"thought_n",4
"thrive_v",4
"throe_n",4
"thyme_n",4
"tie_n",4
"tissue_n",4
"title_n",4
"together_adv",4
"tone_n",4
"tool_n",4
"torch_n",4
"traffic_n",4
"translate_v",4
"tray_n",4
"tress_n",4
"triumph_n",4
"trophy_n",4
"truly_adv",4
"turret_n",4
"twice_adv",4
"twinkle_v",4
"unbind_v",4
"undertake_v",4
"unkempt_adj",4
"uproar_n",4
"use_v",4
"vain_adj",4
"valley_n",4
"value_n",4
"vanquish_v",4
"vein_n",4
"vent_n",4
"victim_n",4
"vie_v",4
"viol_n",4
"violent_adj",4
"virtue_n",4
"visible_adj",4
"vouch_v",4
"wain_n",4
"wait_n",4
"wallet_n",4
"warden_n",4
"warmth_n",4
"waste_n",4
"waylay_v",4
"weary_adj",4
"weed_n",4
"wherein_adv",4
"whir_v",4
"whither_adv",4
"whither_conj",4
"wile_n",4
"work_v",4
"wraith_n",4
"wrest_v",4
"wretch_n",4
"abate_v",3
"able_adj",3
"absence_n",3
"abundant_adj",3
"accept_v",3
"accomplish_v",3
"accord_v",3
"accuse_v",3
"ache_n",3
"achieve_v",3
"acquaint_v",3
"acquire_v",3
"actual_adj",3
"addition_n",3
"adjoin_v",3
"adjust_v",3
"admiration_n",3
"admire_v",3
"adopt_v",3
"adoption_n",3
"advantage_n",3
"advice_n",3
"advise_v",3
"affair_n",3
"affection_n",3
"affinity_n",3
"afford_v",3
"aggrieve_v",3
"agility_n",3
"agitation_n",3
"aid_n",3
"aid_v",3
"alien_adj",3
"alliance_n",3
"ally_v",3
"alone_adj",3
"alone_adv",3
"aloof_adv",3
"alter_v",3
"ambush_n",3
"ancient_adj",3
"anguish_n",3
"annex_v",3
"announce_v",3
"antiquity_n",3
"anxiety_n",3
"apart_adv",3
"appear_v",3
"appearance_n",3
"appease_v",3
"append_v",3
"appetite_n",3
"apply_v",3
"appoint_v",3
"approve_v",3
"apron_n",3
"argent_n",3
"argument_n",3
"arise_v",3
"arrive_v",3
"assail_v",3
"assault_n",3
"assault_v",3
"assent_v",3
"assign_v",3
"assist_v",3
"assistance_n",3
"assure_v",3
"astonish_v",3
"attend_v",3
"attention_n",3
"attentive_adj",3
"attraction_n",3
"audience_n",3
"avail_v",3
"avenge_v",3
"avenue_n",3
"avert_v",3
"balcony_n",3
"battalion_n",3
"battle_n",3
"behave_v",3
"belch_v",3
"benefit_n",3
"benevolent_adj",3
"bestial_adj",3
"between_adv",3
"between_prep",3
"beyond_adv",3
"beyond_prep",3
"bliss_n",3
"boil_v",3
"bowls_n",3
"bramble_n",3
"brigand_n",3
"brutal_adj",3
"buckler_n",3
"buttery_n",3
"byword_n",3
"calculate_v",3
"calendar_n",3
"caress_n",3
"cargo_n",3
"carriage_n",3
"cascade_n",3
"cask_n",3
"casual_adj",3
"catapult_n",3
"cataract_n",3
"cause_n",3
"cause_v",3
"causeway_n",3
"caution_n",3
"cavalry_n",3
"cavernous_adj",3
"cellar_n",3
"ceremony_n",3
"chafe_v",3
"chair_n",3
"channel_n",3
"chant_v",3
"chapter_n",3
"charge_n",3
"chariot_n",3
"charm_n",3
"chattel_n",3
"cheat_v",3
"chief_n",3
"chieftain_n",3
"childhood_n",3
"chisel_n",3
"circuit_n",3
"circular_adj",3
"civil_adj",3
"claim_v",3
"clash_v",3
"close_adj",3
"cloud_n",3
"collect_v",3
"collection_n",3
"collector_n",3
"column_n",3
"combine_v",3
"comment_n",3
"commodious_adj",3
"commodity_n",3
"common_n",3
"commotion_n",3
"competent_adj",3
"compile_v",3
"complain_v",3
"complete_adj",3
"compliment_n",3
"compose_v",3
"comprehension_n",3
"concern_v",3
"conclusion_n",3
"concourse_n",3
"confer_v",3
"confidence_n",3
"confines_n",3
"confirm_v",3
"confound_v",3
"confusion_n",3
"conquer_v",3
"conqueror_n",3
"conquest_n",3
"consent_v",3
"consequence_n",3
"consider_v",3
"conspirator_n",3
"constant_adj",3
"constrain_v",3
"consume_v",3
"contain_v",3
"contention_n",3
"continue_v",3
"contrary_adj",3
"conversation_n",3
"convey_v",3
"coomb_n",3
"copy_n",3
"core_n",3
"corner_n",3
"corpse_n",3
"correction_n",3
"corridor_n",3
"council_n",3
"counsel_n",3
"counsel_v",3
"country_n",3
"couple_n",3
"course_n",3
"court_n",3
"cover_v",3
"covet_v",3
"cranny_n",3
"crawl_v",3
"creature_n",3
"credit_n",3
"creek_n",3
"crevice_n",3
"crew_n",3
"crow_v",3
"crown_v",3
"cruel_adj",3
"cruelty_n",3
"crumble_v",3
"crumple_v",3
"crust_n",3
"curious_adj",3
"current_adj",3
"customer_n",3
"daily_adj",3
"damage_n",3
"daunt_v",3
"debate_v",3
"decay_v",3
"deceit_n",3
"deceive_v",3
"decide_v",3
"decision_n",3
"declaim_v",3
"declare_v",3
"decline_v",3
"defeat_v",3
"defender_n",3
"defiance_n",3
"deformity_n",3
"defy_v",3
"delicious_adj",3
"delight_n",3
"delight_v",3
"deliver_v",3
"delivery_n",3
"demand_v",3
"depart_v",3
"depend_v",3
"deputy_n",3
"derive_v",3
"descend_v",3
"descent_n",3
"describe_v",3
"description_n",3
"deserve_v",3
"design_n",3
"design_v",3
"desirable_adj",3
"desire_v",3
"desolation_n",3
"despair_v",3
"desperation_n",3
"despise_v",3
"despite_n",3
"despite_prep",3
"despoil_v",3
"destruction_n",3
"determine_v",3
"device_n",3
"devise_v",3
"devour_v",3
"dialect_n",3
"differ_v",3
"difference_n",3
"different_adj",3
"dignity_n",3
"diminish_v",3
"dire_adj",3
"direct_adj",3
"discern_v",3
"discomfit_v",3
"discomfort_v",3
"discord_n",3
"discussion_n",3
"disfigure_v",3
"disobey_v",3
"disorder_v",3
"display_v",3
"displease_v",3
"dispose_v",3
"disprove_v",3
"distance_n",3
"distant_adj",3
"distress_n",3
"distress_v",3
"distribution_n",3
"disturbance_n",3
"divide_v",3
"divine_v",3
"document_n",3
"domination_n",3
"dominion_n",3
"double_adj",3
"double_v",3
"down_adv",3
"dread_v",3
"drown_v",3
"due_adj",3
"during_prep",3
"duty_n",3
"ease_n",3
"efficient_adj",3
"eglantine_n",3
"elixir_n",3
"emblem_n",3
"employ_v",3
"enchant_v",3
"encounter_n",3
"encroach_v",3
"encumber_v",3
"endless_adj",3
"enlarge_v",3
"enmity_n",3
"ensue_v",3
"escort_n",3
"especial_adj",3
"esquire_n",3
"establish_v",3
"esteem_v",3
"ever_adv",3
"evidence_n",3
"ewer_n",3
"examination_n",3
"examine_v",3
"example_n",3
"excellence_n",3
"excellent_adj",3
"except_v",3
"exception_n",3
"exchange_n",3
"existence_n",3
"expand_v",3
"expectant_adj",3
"expedition_n",3
"experience_n",3
"expose_v",3
"eyot_n",3
"fable_n",3
"fade_v",3
"faint_adj",3
"fair_n",3
"fall_n",3
"familiar_adj",3
"famine_n",3
"famish_v",3
"farmer_n",3
"fault_n",3
"fealty_n",3
"feat_n",3
"feeble_adj",3
"ferry_n",3
"fertile_adj",3
"fighter_n",3
"figure_v",3
"filbert_n",3
"final_adj",3
"fine_adj",3
"finger_v",3
"finish_v",3
"firm_adj",3
"firm_n",3
"fissure_n",3
"fix_v",3
"flagon_n",3
"flame_v",3
"flat_n",3
"flaw_n",3
"flit_v",3
"flourish_v",3
"flout_v",3
"folly_n",3
"foray_n",3
"forefront_n",3
"foreigner_n",3
"forgetful_adj",3
"form_v",3
"former_adj",3
"fort_n",3
"fortress_n",3
"fortune_n",3
"fosse_n",3
"frail_adj",3
"fray_v",3
"fringe_n",3
"front_n",3
"frosty_adj",3
"fuel_n",3
"fugitive_n",3
"fullness_n",3
"fume_v",3
"fungus_n",3
"furl_v",3
"furnace_n",3
"furniture_n",3
"future_adj",3
"gale_n",3
"gape_v",3
"garner_n",3
"gash_v",3
"gasp_v",3
"generation_n",3
"geography_n",3
"giddy_adj",3
"gingerly_adv",3
"glance_v",3
"glimpse_v",3
"globe_n",3
"gorge_n",3
"government_n",3
"gracious_adj",3
"grand_adj",3
"grant_v",3
"grasshopper_n",3
"grate_n",3
"grief_n",3
"grieve_v",3
"grotto_n",3
"grove_n",3
"grumble_v",3
"gurgle_v",3
"gush_v",3
"gutter_n",3
"habit_n",3
"habitable_adj",3
"habitation_n",3
"handful_n",3
"hardly_adv",3
"harper_n",3
"haunt_n",3
"hazy_adj",3
"healer_n",3
"heir_n",3
"hello_interj",3
"hiss_v",3
"hobble_v",3
"hollow_adj",3
"homestead_n",3
"honest_adj",3
"hospitable_adj",3
"hospitality_n",3
"hostage_n",3
"humble_adj",3
"hurrah_interj",3
"hustle_v",3
"hutch_n",3
"ignorance_n",3
"illuminate_v",3
"image_n",3
"imaginable_adj",3
"imagination_n",3
"imagine_v",3
"imbibe_v",3
"imitation_n",3
"immediate_adj",3
"immensity_n",3
"impatience_n",3
"impatient_adj",3
"impenetrable_adj",3
"imply_v",3
"impossible_adj",3
"impression_n",3
"improve_v",3
"inaccessible_adj",3
"incantation_n",3
"inclination_n",3
"increase_v",3
"incurable_adj",3
"infection_n",3
"inform_v",3
"information_n",3
"infusion_n",3
"inhabit_v",3
"inherit_v",3
"injury_n",3
"inquire_v",3
"inquisitive_adj",3
"insatiable_adj",3
"instant_adj",3
"instead_adv",3
"instinct_n",3
"instruction_n",3
"intelligence_n",3
"intense_adj",3
"intent_n",3
"interfere_v",3
"interpret_v",3
"interval_n",3
"introduction_n",3
"intrusion_n",3
"inventory_n",3
"invisible_adj",3
"involve_v",3
"iris_n",3
"jeer_v",3
"jeopardy_n",3
"jest_n",3
"jetsam_n",3
"jewel_n",3
"jingle_v",3
"jovial_adj",3
"just_adv",3
"justify_v",3
"kingly_adj",3
"kitten_n",3
"lad_n",3
"lame_n",3
"lament_v",3
"legal_adj",3
"legend_n",3
"leisure_n",3
"leprous_adj",3
"lesson_n",3
"liable_adj",3
"likeness_n",3
"lilt_v",3
"limit_n",3
"limit_v",3
"litter_n",3
"livelihood_n",3
"livery_n",3
"local_adj",3
"loosely_adv",3
"lope_v",3
"lurk_v",3
"lush_adj",3
"luxurious_adj",3
"magnificent_adj",3
"magnify_v",3
"maintain_v",3
"malady_n",3
"malediction_n",3
"malice_n",3
"malicious_adj",3
"margin_n",3
"master_v",3
"masterful_adj",3
"mayor_n",3
"measure_v",3
"medicine_n",3
"melodious_adj",3
"memoir_n",3
"memorial_n",3
"memory_n",3
"menace_v",3
"mention_n",3
"merit_n",3
"method_n",3
"midnight_n",3
"mind_v",3
"minister_n",3
"minor_adj",3
"minstrel_n",3
"mirage_n",3
"mirror_v",3
"mischance_n",3
"miserable_adj",3
"misery_n",3
"mistress_n",3
"mixture_n",3
"money_n",3
"monolith_n",3
"monstrous_adj",3
"monument_n",3
"morsel_n",3
"mortality_n",3
"motion_n",3
"mountain_n",3
"movement_n",3
"multiply_v",3
"munch_v",3
"muse_v",3
"muster_v",3
"native_adj",3
"native_n",3
"natural_adj",3
"necessary_adj",3
"necessity_n",3
"nice_adj",3
"nobility_n",3
"noon_n",3
"notable_adj",3
"note_n",3
"note_v",3
"notice_n",3
"nuisance_n",3
"nursery_n",3
"obedience_n",3
"obedient_adj",3
"object_n",3
"object_v",3
"objection_n",3
"oblige_v",3
"oblivion_n",3
"obscure_adj",3
"obscure_v",3
"observation_n",3
"observe_v",3
"obstacle_n",3
"obtain_v",3
"occasion_n",3
"occupy_v",3
"offer_n",3
"official_adj",3
"official_n",3
"offspring_n",3
"ointment_n",3
"once_adv",3
"opportunity_n",3
"oppose_v",3
"opposite_adj",3
"orb_n",3
"orchard_n",3
"ordain_v",3
"ordinary_adj",3
"original_adj",3
"ornament_n",3
"outlandish_adj",3
"pace_n",3
"pain_v",3
"pair_n",3
"pall_n",3
"pantry_n",3
"parapet_n",3
"parcel_n",3
"pardon_n",3
"pardon_v",3
"pare_v",3
"parley_n",3
"parole_n",3
"part_v",3
"partial_adj",3
"particular_adj",3
"party_n",3
"passage_n",3
"passenger_n",3
"pasture_n",3
"pate_n",3
"paternal_adj",3
"patience_n",3
"patient_adj",3
"pave_v",3
"pavement_n",3
"pavilion_n",3
"pay_v",3
"peculiar_adj",3
"peer_n",3
"penalty_n",3
"pencil_n",3
"pendant_n",3
"perceptible_adj",3
"peril_n",3
"perilous_adj",3
"permanent_adj",3
"permission_n",3
"permit_v",3
"perpetual_adj",3
"perplexity_n",3
"person_n",3
"personal_adj",3
"persuasion_n",3
"pester_v",3
"pier_n",3
"pierce_v",3
"pillar_n",3
"pinch_v",3
"pinnacle_n",3
"plain_n",3
"plait_n",3
"plait_v",3
"plea_n",3
"plead_v",3
"pleasant_adj",3
"plunge_v",3
"poignant_adj",3
"ponder_v",3
"popular_adj",3
"portage_n",3
"portion_n",3
"position_n",3
"possess_v",3
"possession_n",3
"possible_adj",3
"postern_n",3
"posture_n",3
"poverty_n",3
"practice_n",3
"prank_n",3
"pre-eminent_adj",3
"precious_adj",3
"prefer_v",3
"preference_n",3
"premise_n",3
"premonition_n",3
"preparation_n",3
"prepare_v",3
"presence_n",3
"preservation_n",3
"preserve_v",3
"pressure_n",3
"presume_v",3
"pretend_v",3
"prevail_v",3
"prey_n",3
"primitive_adj",3
"probable_adj",3
"proceed_v",3
"proffer_v",3
"profound_adj",3
"progress_n",3
"pronounce_v",3
"proof_n",3
"proper_adj",3
"propose_v",3
"prosperity_n",3
"prosperous_adj",3
"protest_v",3
"provide_v",3
"province_n",3
"provision_n",3
"prudence_n",3
"prudent_adj",3
"punish_v",3
"purpose_n",3
"purpose_v",3
"pursue_v",3
"push_v",3
"quaver_v",3
"queer_adj",3
"quest_n",3
"quiet_adj",3
"quiet_n",3
"quill_n",3
"quiver_v",3
"ragged_adj",3
"rave_v",3
"rebel_v",3
"rebellion_n",3
"recede_v",3
"reception_n",3
"recognize_v",3
"recoil_v",3
"record_v",3
"refer_v",3
"reflection_n",3
"refuge_n",3
"refuse_n",3
"refuse_v",3
"region_n",3
"reign_n",3
"reign_v",3
"rein_n",3
"reject_v",3
"relation_n",3
"relative_n",3
"relax_v",3
"relent_v",3
"relieve_v",3
"relish_n",3
"reluctant_adj",3
"rely_v",3
"remind_v",3
"remnant_n",3
"remonstrance_n",3
"remove_v",3
"repeat_v",3
"replenish_v",3
"reply_v",3
"report_v",3
"represent_v",3
"reputation_n",3
"request_n",3
"require_v",3
"rescue_n",3
"rescue_v",3
"resemble_v",3
"resent_v",3
"reserve_v",3
"resign_v",3
"resist_v",3
"resistance_n",3
"respite_n",3
"response_n",3
"restore_v",3
"restrain_v",3
"retain_v",3
"retentive_adj",3
"retreat_n",3
"return_n",3
"return_v",3
"reveal_v",3
"revenge_v",3
"reverence_n",3
"reverend_adj",3
"reverse_v",3
"revive_v",3
"revolt_v",3
"revolve_v",3
"rim_n",3
"rocky_adj",3
"rogue_n",3
"rot_n",3
"rotten_adj",3
"rout_n",3
"royalty_n",3
"rude_adj",3
"ruinous_adj",3
"rule_n",3
"rule_v",3
"safety_n",3
"salute_v",3
"satisfaction_n",3
"satisfy_v",3
"sauce_n",3
"saucer_n",3
"save_conj",3
"save_prep",3
"saxifrage_n",3
"scent_v",3
"scoundrel_n",3
"scribe_n",3
"secrecy_n",3
"secret_n",3
"seer_n",3
"sentinel_n",3
"serviceable_adj",3
"servitude_n",3
"several_adj",3
"shaggy_adj",3
"shale_n",3
"shield_v",3
"shingles_n",3
"shrill_adj",3
"shrivel_v",3
"shrug_n",3
"shuffle_v",3
"signal_n",3
"significance_n",3
"silence_n",3
"sincerity_n",3
"single_adj",3
"singular_adj",3
"sire_n",3
"site_n",3
"situation_n",3
"size_n",3
"slag_n",3
"slate_n",3
"sleepless_adj",3
"sleepy_adj",3
"slimy_adj",3
"sluggard_n",3
"sluice_n",3
"slump_v",3
"snatch_v",3
"sober_adj",3
"solid_adj",3
"solitude_n",3
"sorcery_n",3
"sort_v",3
"source_n",3
"spate_n",3
"spawn_v",3
"spiral_adj",3
"spoil_v",3
"sport_n",3
"sport_v",3
"spout_n",3
"spread_n",3
"squat_v",3
"squeeze_v",3
"stable_adj",3
"stable_n",3
"statue_n",3
"stature_n",3
"store_n",3
"stranger_n",3
"strategy_n",3
"stray_v",3
"stream_v",3
"strenuous_adj",3
"study_v",3
"subdue_v",3
"subtle_adj",3
"subtlety_n",3
"succeed_v",3
"successor_n",3
"sudden_adj",3
"sue_v",3
"suffice_v",3
"sufficient_adj",3
"suggestion_n",3
"suit_n",3
"summit_n",3
"summon_v",3
"superior_adj",3
"support_v",3
"suppose_v",3
"surety_n",3
"surface_n",3
"surprise_n",3
"surround_v",3
"survey_v",3
"survive_v",3
"suspend_v",3
"suspense_n",3
"suspicious_adj",3
"sustenance_n",3
"sway_v",3
"swift_adj",3
"swoon_v",3
"symbol_n",3
"sympathetic_adj",3
"tang_n",3
"tarry_v",3
"tax_n",3
"ted_v",3
"tell_n",3
"tempest_n",3
"tempt_v",3
"temptation_n",3
"tendency_n",3
"tent_n",3
"terrace_n",3
"test_n",3
"thereafter_adv",3
"thin_v",3
"thrust_v",3
"thunder_v",3
"tithe_n",3
"torment_n",3
"torment_v",3
"tortuous_adj",3
"torture_n",3
"tradition_n",3
"trail_v",3
"train_n",3
"traitor_n",3
"trance_n",3
"translation_n",3
"traverse_v",3
"treacherous_adj",3
"treason_n",3
"treasury_n",3
"treat_v",3
"tremor_n",3
"trench_n",3
"trestle_n",3
"tribute_n",3
"trick_n",3
"triumph_v",3
"trouble_v",3
"trove_n",3
"trowel_n",3
"truncheon_n",3
"truth_n",3
"try_v",3
"tumult_n",3
"tunnel_n",3
"turbulent_adj",3
"turn_n",3
"turnip_n",3
"unable_adj",3
"underfoot_adv",3
"underworld_n",3
"undue_adj",3
"unfair_adj",3
"union_n",3
"unmake_v",3
"unwelcome_adj",3
"unwholesome_adj",3
"upset_v",3
"urgent_adj",3
"use_n",3
"usual_adj",3
"vale_n",3
"valiant_adj",3
"vanish_v",3
"vanity_n",3
"variable_adj",3
"variation_n",3
"veer_v",3
"vehemence_n",3
"veil_v",3
"venerable_adj",3
"vengeance_n",3
"verge_n",3
"vermin_n",3
"version_n",3
"vessel_n",3
"victor_n",3
"victory_n",3
"view_n",3
"vigil_n",3
"vigorous_adj",3
"village_n",3
"villain_n",3
"vintage_n",3
"violence_n",3
"vision_n",3
"visit_v",3
"volume_n",3
"voyage_n",3
"vulture_n",3
"wallow_v",3
"wan_adj",3
"want_v",3
"watch_v",3
"waterfall_n",3
"weeping_adj",3
"wherefore_adv",3
"whisk_v",3
"whom_pron",3
"wilderness_n",3
"winch_n",3
"witness_n",3
"woman_n",3
"workman_n",3
"wrath_n",3
"wrinkle_v",3
"yesteryear_n",3
"abbreviate_v",2
"abide_v",2
"about_adv",2
"about_prep",2
"absurd_adj",2
"accord_n",2
"accustom_v",2
"acknowledge_v",2
"acquaintance_n",2
"address_n",2
"admittance_n",2
"adventure_v",2
"adventurous_adj",2
"afar_adv",2
"agreement_n",2
"aim_n",2
"ajar_adv",2
"alien_n",2
"alight_v",2
"allegiance_n",2
"allowance_n",2
"allude_v",2
"allure_v",2
"alternate_v",2
"amaze_v",2
"ancestral_adj",2
"anchor_v",2
"angry_adj",2
"anniversary_n",2
"announcement_n",2
"annoyance_n",2
"answer_v",2
"anxious_adj",2
"anyway_adv",2
"archery_n",2
"arid_adj",2
"aromatic_adj",2
"arrangement_n",2
"array_n",2
"arrest_n",2
"arrival_n",2
"ascend_v",2
"asphodel_n",2
"assembly_n",2
"assistant_n",2
"astray_adv",2
"attack_v",2
"attire_v",2
"await_v",2
"awaken_v",2
"away_adv",2
"backward_adv",2
"badge_n",2
"baffle_v",2
"baggage_n",2
"bandage_n",2
"barely_adv",2
"bargain_n",2
"barricade_n",2
"barrier_n",2
"basis_n",2
"battlement_n",2
"beard_v",2
"behalf_n",2
"belie_v",2
"belly_v",2
"beside_adv",2
"beside_prep",2
"bestir_v",2
"big_adj",2
"bitterness_n",2
"blame_n",2
"blanket_n",2
"blessing_n",2
"blight_n",2
"blindfold_v",2
"blindly_adv",2
"blindness_n",2
"book_v",2
"brace_v",2
"braid_n",2
"breeze_n",2
"brief_n",2
"brighten_v",2
"brightness_n",2
"broken_adj",2
"brooch_n",2
"bubble_v",2
"business_n",2
"butterfly_n",2
"cackle_v",2
"cafe_n",2
"cairn_n",2
"calm_v",2
"capable_adj",2
"captive_n",2
"capture_n",2
"careful_adj",2
"caress_v",2
"cease_n",2
"celebrant_n",2
"central_adj",2
"chalcedony_n",2
"challenge_n",2
"challenger_n",2
"change_n",2
"changeable_adj",2
"chant_n",2
"chasm_n",2
"chatter_v",2
"chorus_n",2
"claim_n",2
"clear_adv",2
"clematis_n",2
"close_n",2
"coil_v",2
"colony_n",2
"comfortable_adj",2
"comic_adj",2
"command_n",2
"communicative_adj",2
"complaint_n",2
"comprehend_v",2
"compute_v",2
"concealment_n",2
"conclave_n",2
"connect_v",2
"conscious_adj",2
"contest_v",2
"contributor_n",2
"control_v",2
"convulsive_adj",2
"corps_n",2
"correct_adj",2
"cost_v",2
"courtesy_n",2
"coverlet_n",2
"crafty_adj",2
"crater_n",2
"creep_n",2
"crisp_adj",2
"cross_v",2
"crouch_v",2
"current_n",2
"curse_v",2
"curtain_v",2
"damage_v",2
"dangerous_adj",2
"darling_n",2
"darn_v",2
"dash_v",2
"debatable_adj",2
"debate_n",2
"decent_adj",2
"deceptive_adj",2
"deepen_v",2
"defile_n",2
"delay_n",2
"delta_n",2
"demand_n",2
"dense_adj",2
"departure_n",2
"dependant_n",2
"desire_n",2
"despair_n",2
"destroyer_n",2
"detail_n",2
"detest_v",2
"difficult_adj",2
"difficulty_n",2
"disadvantage_n",2
"disappoint_v",2
"disastrous_adj",2
"discomfiture_n",2
"discourse_n",2
"discourtesy_n",2
"disease_n",2
"disgust_n",2
"dismay_n",2
"dismiss_v",2
"displeasure_n",2
"dissuade_v",2
"distaste_n",2
"district_n",2
"disuse_v",2
"ditch_n",2
"domain_n",2
"doubt_n",2
"droop_v",2
"drowsy_adj",2
"drunken_adj",2
"dryad_n",2
"dubious_adj",2
"dumbness_n",2
"dumpling_n",2
"dye_v",2
"early_adv",2
"ease_v",2
"elven_adj",2
"em_n",2
"embrasure_n",2
"emerge_v",2
"emissary_n",2
"empty_v",2
"enclose_v",2
"encourage_v",2
"encouragement_n",2
"engulf_v",2
"enrage_v",2
"entrap_v",2
"entreat_v",2
"entry_n",2
"envy_v",2
"escape_n",2
"escarpment_n",2
"essential_adj",2
"estrange_v",2
"event_n",2
"exclaim_v",2
"excuse_n",2
"expectation_n",2
"explore_v",2
"explosion_n",2
"facet_n",2
"fad_n",2
"fade_n",2
"fail_n",2
"falter_v",2
"fatal_adj",2
"fawn_v",2
"feast_v",2
"ferocious_adj",2
"fiery_adj",2
"fillet_n",2
"filter_v",2
"fire_v",2
"flattery_n",2
"float_n",2
"fond_adj",2
"foolish_adj",2
"force_v",2
"foreknowledge_n",2
"forestall_v",2
"forester_n",2
"forestry_n",2
"fragrance_n",2
"front_v",2
"frontier_n",2
"frugal_adj",2
"furlong_n",2
"furtive_adj",2
"galena_n",2
"garth_n",2
"generous_adj",2
"ghastly_adj",2
"gibbet_n",2
"goblet_n",2
"gong_n",2
"good_n",2
"gorge_v",2
"grandfather_n",2
"grandmother_n",2
"greatly_adv",2
"green_n",2
"grievance_n",2
"grievous_adj",2
"gross_n",2
"growth_n",2
"guard_n",2
"guide_n",2
"guttural_adj",2
"hallo_interj",2
"hammer_v",2
"handiwork_n",2
"happen_v",2
"haste_v",2
"hasty_adj",2
"headman_n",2
"heather_n",2
"heraldry_n",2
"herdsman_n",2
"hidden_adj",2
"historical_adj",2
"hog_n",2
"horned_adj",2
"hostile_adj",2
"hotly_adv",2
"howl_v",2
"huge_adj",2
"hunter_n",2
"hurt_n",2
"identity_n",2
"idiotic_adj",2
"ignoble_adj",2
"ignore_v",2
"ilex_n",2
"imitate_v",2
"immemorial_adj",2
"imminent_adj",2
"importance_n",2
"impregnable_adj",2
"imprint_n",2
"imprison_v",2
"imprisonment_n",2
"inaudible_adj",2
"increase_n",2
"independent_adj",2
"infuriate_v",2
"inhabitant_n",2
"inheritance_n",2
"inmost_adj",2
"inn_n",2
"inquiry_n",2
"insist_v",2
"instant_n",2
"insult_n",2
"insult_v",2
"insupportable_adj",2
"intelligible_adj",2
"interlace_v",2
"invert_v",2
"invite_v",2
"issue_v",2
"item_n",2
"journey_v",2
"keen_v",2
"kick_v",2
"kindly_adv",2
"knowledge_n",2
"lace_v",2
"lack_v",2
"ladle_n",2
"lady_n",2
"lawful_adj",2
"ledge_n",2
"liege_n",2
"lieutenant_n",2
"lift_n",2
"lightning_n",2
"likely_adj",2
"liquid_n",2
"living_adj",2
"lo_interj",2
"lodge_v",2
"loot_n",2
"lordship_n",2
"lovely_adj",2
"lug_v",2
"lunch_n",2
"lust_v",2
"machinery_n",2
"magician_n",2
"magnitude_n",2
"main_adj",2
"man_v",2
"manhood_n",2
"mantle_v",2
"marvel_v",2
"masonry_n",2
"mastery_n",2
"mayoralty_n",2
"means_n",2
"men_n",2
"mention_v",2
"merit_v",2
"messenger_n",2
"miller_n",2
"mishap_n",2
"missile_n",2
"misty_adj",2
"mockery_n",2
"modest_adj",2
"moisten_v",2
"moisture_n",2
"moonlight_n",2
"moot_v",2
"motto_n",2
"murmur_v",2
"museum_n",2
"muster_n",2
"nameless_adj",2
"nape_n",2
"narrow_v",2
"nasturtium_n",2
"near_adv",2
"need_v",2
"neither_adv",2
"neither_conj",2
"nestle_v",2
"news_n",2
"nicety_n",2
"nick_n",2
"nightly_adj",2
"ninny_n",2
"noisome_adj",2
"nominal_adj",2
"normal_adj",2
"notch_n",2
"nothing_pron",2
"notion_n",2
"nowhere_adv",2
"number_v",2
"obscene_adj",2
"occur_v",2
"offensive_adj",2
"orc_n",2
"orchestra_n",2
"otherwise_adv",2
"ought_v",2
"outburst_n",2
"outlaw_n",2
"oval_adj",2
"oval_n",2
"override_v",2
"overthrow_v",2
"paint_n",2
"pale_v",2
"passable_adj",2
"passer_n",2
"pasture_v",2
"patrol_n",2
"pattern_n",2
"pause_v",2
"payment_n",2
"pebble_n",2
"peer_v",2
"penetrate_v",2
"people_v",2
"perishable_adj",2
"persist_v",2
"persuade_v",2
"petal_n",2
"picture_n",2
"pilgrimage_n",2
"pimple_n",2
"pitiable_adj",2
"pity_v",2
"plan_n",2
"platform_n",2
"platter_n",2
"play_n",2
"player_n",2
"point_v",2
"portent_n",2
"possessed_adj",2
"powder_v",2
"precaution_n",2
"precipice_n",2
"preside_v",2
"private_adj",2
"prod_v",2
"profit_v",2
"profitable_adj",2
"prospect_n",2
"puddle_n",2
"puff_v",2
"puissant_adj",2
"pungent_adj",2
"punishment_n",2
"purchase_n",2
"purchase_v",2
"pursuit_n",2
"pyre_n",2
"quest_v",2
"question_v",2
"quick_n",2
"quicken_v",2
"quicksand_n",2
"raiment_n",2
"raindrop_n",2
"rainy_adj",2
"rampant_adj",2
"ravage_v",2
"reading_n",2
"reap_v",2
"recklessly_adv",2
"recovery_n",2
"recreant_n",2
"redness_n",2
"redouble_v",2
"redress_v",2
"refreshment_n",2
"refusal_n",2
"regain_v",2
"rehearse_v",2
"rejection_n",2
"relate_v",2
"renegade_n",2
"repay_v",2
"representative_adj",2
"reprieve_v",2
"reproach_v",2
"resolute_adj",2
"resort_n",2
"responsible_adj",2
"restive_adj",2
"restraint_n",2
"retire_v",2
"retreat_v",2
"revel_n",2
"revolt_n",2
"reward_n",2
"richly_adv",2
"ripen_v",2
"risk_v",2
"robber_n",2
"robbery_n",2
"robust_adj",2
"rowan_n",2
"rubbish_n",2
"ruddy_adj",2
"run_n",2
"salvage_n",2
"sandy_adj",2
"scare_v",2
"scheme_n",2
"search_n",2
"secret_adj",2
"selection_n",2
"separate_v",2
"seriously_adv",2
"severe_adj",2
"shape_n",2
"sharpen_v",2
"sharply_adv",2
"shave_n",2
"shoe_v",2
"shortly_adv",2
"shrunken_adj",2
"sickness_n",2
"side_adj",2
"sigh_v",2
"signature_n",2
"silver_adj",2
"similar_adj",2
"singer_n",2
"skewer_n",2
"slap_n",2
"slayer_n",2
"sleeper_n",2
"slippery_adj",2
"slither_v",2
"slope_v",2
"slowly_adv",2
"sluggish_adj",2
"slumber_n",2
"smart_adj",2
"smooth_adj",2
"smooth_v",2
"something_pron",2
"sorrowful_adj",2
"sortie_n",2
"southland_n",2
"spare_adj",2
"speechless_adj",2
"speedy_adj",2
"spinney_n",2
"splinter_n",2
"square_adj",2
"stagnant_adj",2
"steel_v",2
"stew_n",2
"still_adv",2
"stillness_n",2
"stomach_v",2
"stonework_n",2
"stray_n",2
"strip_n",2
"strive_v",2
"stroll_v",2
"strongly_adv",2
"stuff_v",2
"stump_v",2
"stun_v",2
"suave_adj",2
"submerge_v",2
"success_n",2
"sully_v",2
"sunlight_n",2
"sunny_adj",2
"sunset_n",2
"surcoat_n",2
"surge_n",2
"surly_adj",2
"surmount_v",2
"surprise_v",2
"surrender_v",2
"suspect_v",2
"sweep_v",2
"sweeten_v",2
"swirl_n",2
"system_n",2
"talk_v",2
"tatter_n",2
"them_pron",2
"themselves_pron",2
"theory_n",2
"therein_adv",2
"thicken_v",2
"thicket_n",2
"thieve_v",2
"throughout_prep",2
"thump_v",2
"tier_n",2
"timid_adj",2
"tolerant_adj",2
"too_adv",2
"topic_n",2
"torrent_n",2
"touch_n",2
"township_n",2
"treachery_n",2
"treatise_n",2
"treble_v",2
"trespass_n",2
"trifle_n",2
"trouble_n",2
"trumpet_n",2
"truss_v",2
"tube_n",2
"turmoil_n",2
"twentieth_n",2
"twin_v",2
"umbrella_n",2
"uncanny_adj",2
"unhorse_v",2
"unlikely_adj",2
"unscathed_adj",2
"untimely_adj",2
"unwilling_adj",2
"upon_prep",2
"utterly_adv",2
"vambrace_n",2
"vanguard_n",2
"variety_n",2
"vast_adj",2
"veil_n",2
"venomous_adj",2
"veritable_adj",2
"victorious_adj",2
"vigilance_n",2
"vigilant_adj",2
"vineyard_n",2
"visitor_n",2
"vivid_adj",2
"vow_v",2
"wager_n",2
"warehouse_n",2
"warrant_v",2
"warrior_n",2
"wat_n",2
"were_v",2
"whip_n",2
"wildfire_n",2
"wither_v",2
"wizard_n",2
"abode_n",1
"abroad_adv",1
"abrupt_adj",1
"absolute_adj",1
"accounting_n",1
"accurate_adj",1
"accursed_adj",1
"across_adv",1
"across_prep",1
"act_v",1
"add_v",1
"admirable_adj",1
"admirer_n",1
"afloat_adj",1
"afternoon_n",1
"afterward_adv",1
"alarm_v",1
"alive_adj",1
"ally_n",1
"almost_adv",1
"alternative_n",1
"always_adv",1
"amount_n",1
"amusement_n",1
"anew_adv",1
"animal_n",1
"annotation_n",1
"anyhow_adv",1
"applaud_v",1
"applause_n",1
"approval_n",1
"arch_adj",1
"aright_adv",1
"ashore_adv",1
"aside_adv",1
"asleep_adj",1
"attack_n",1
"attract_v",1
"attribute_v",1
"auction_n",1
"awake_adj",1
"awhile_adv",1
"aye_interj",1
"back_adj",1
"back_adv",1
"bandy_v",1
"bang_v",1
"battle_v",1
"beardless_adj",1
"bearer_n",1
"beat_n",1
"beater_n",1
"because_conj",1
"bedridden_adj",1
"bedroom_n",1
"beginning_n",1
"begrudge_v",1
"behind_adv",1
"behind_prep",1
"bellow_v",1
"below_adv",1
"bewitch_v",1
"birthday_n",1
"biter_n",1
"black_n",1
"blazon_v",1
"blear_v",1
"blizzard_n",1
"blossom_v",1
"boast_v",1
"bond_n",1
"bother_v",1
"brazen_adj",1
"breadth_n",1
"breastwork_n",1
"breathe_v",1
"bridle_v",1
"brief_adj",1
"brunt_n",1
"burn_n",1
"burrow_n",1
"burst_n",1
"busy_v",1
"byre_n",1
"calculation_n",1
"cannot_v",1
"cap_v",1
"captive_adj",1
"captor_n",1
"carefully_adv",1
"casket_n",1
"cautious_adj",1
"celebrate_v",1
"celebration_n",1
"cell_n",1
"century_n",1
"chap_n",1
"chill_v",1
"choke_v",1
"chooser_n",1
"chuckle_v",1
"circlet_n",1
"circulate_v",1
"clad_adj",1
"clasp_n",1
"clemency_n",1
"clench_v",1
"clime_n",1
"clothes_n",1
"cloudy_adj",1
"cloven_adj",1
"cluster_n",1
"cobweb_n",1
"coin_v",1
"collapse_v",1
"comb_v",1
"combat_n",1
"comer_n",1
"comical_adj",1
"commend_v",1
"commentary_n",1
"commit_v",1
"compensate_v",1
"compensation_n",1
"complete_v",1
"conduct_n",1
"confederate_n",1
"conflict_v",1
"congratulate_v",1
"conjectural_adj",1
"considerable_adj",1
"construct_v",1
"contents_n",1
"control_n",1
"convenience_n",1
"convenient_adj",1
"converge_v",1
"convince_v",1
"convulse_v",1
"convulsion_n",1
"cordial_adj",1
"correct_v",1
"correspondence_n",1
"corruption_n",1
"could_v",1
"cover_n",1
"cow_v",1
"crack_n",1
"craftsman_n",1
"creak_v",1
"credible_adj",1
"creeper_n",1
"croak_v",1
"crook_v",1
"cudgel_n",1
"cunning_n",1
"curve_v",1
"cut_n",1
"dance_n",1
"darken_v",1
"darkly_adv",1
"darkness_n",1
"dawn_n",1
"daylong_adj",1
"dead_n",1
"deadly_adj",1
"dealer_n",1
"dearly_adv",1
"deathly_adj",1
"decipher_v",1
"decrease_n",1
"deep_adv",1
"deeply_adv",1
"definite_adj",1
"delete_v",1
"deliberate_adj",1
"delude_v",1
"dent_n",1
"desolate_adj",1
"desolate_v",1
"desperate_adj",1
"detect_v",1
"devious_adj",1
"dewy_adj",1
"diary_n",1
"digest_v",1
"dike_v",1
"dim_v",1
"direct_v",1
"direction_n",1
"dirge_n",1
"disappear_v",1
"disappointment_n",1
"disc_n",1
"disconcert_v",1
"discovery_n",1
"discuss_v",1
"dispel_v",1
"dissolve_v",1
"distort_v",1
"distribute_v",1
"dither_v",1
"dizziness_n",1
"dol_n",1
"dominate_v",1
"doom_v",1
"dotard_n",1
"downright_adv",1
"downward_adv",1
"drank_v",1
"draught_n",1
"drawn_adj",1
"dream_v",1
"dreamless_adj",1
"drink_n",1
"drowse_v",1
"dusty_adj",1
"earnestly_adv",1
"earthenware_n",1
"earthquake_n",1
"easterling_n",1
"eastward_adv",1
"elaborate_adj",1
"elderly_adj",1
"eldest_adj",1
"elect_v",1
"eleventh_adj",1
"elude_v",1
"elusive_adj",1
"elvish_adj",1
"embark_v",1
"emergency_n",1
"end_v",1
"ending_n",1
"energetic_adj",1
"enlighten_v",1
"enormous_adj",1
"enthusiastic_adj",1
"entrance_n",1
"envelope_n",1
"erect_adj",1
"erect_v",1
"escort_v",1
"esteem_n",1
"even_n",1
"even_v",1
"evening_n",1
"evermore_adv",1
"everywhere_adv",1
"evict_v",1
"evil_n",1
"exact_adj",1
"excavate_v",1
"excavation_n",1
"exclamation_n",1
"exert_v",1
"exhalation_n",1
"exhaust_v",1
"exhibit_v",1
"exit_n",1
"expanse_n",1
"expect_v",1
"expectancy_n",1
"expel_v",1
"expend_v",1
"explain_v",1
"explanation_n",1
"explode_v",1
"expression_n",1
"extensive_adj",1
"extinguish_v",1
"extract_n",1
"extraordinary_adj",1
"eyebrow_n",1
"faint_v",1
"faintly_adv",1
"fairly_adv",1
"faithful_adj",1
"fare_n",1
"farewell_interj",1
"farm_v",1
"fastness_n",1
"fellowship_n",1
"fence_n",1
"field_v",1
"fighting_n",1
"finding_n",1
"firelight_n",1
"firth_n",1
"fishing_n",1
"flats_n",1
"fleeting_adj",1
"flounder_v",1
"flurry_n",1
"flutter_v",1
"foam_v",1
"foot_v",1
"footman_n",1
"footprint_n",1
"footstool_n",1
"forebode_v",1
"foreboding_n",1
"forefinger_n",1
"formerly_adv",1
"fortunate_adj",1
"forward_n",1
"fowl_v",1
"fragment_n",1
"frame_n",1
"frank_v",1
"frantic_adj",1
"fray_n",1
"freer_n",1
"freshet_n",1
"friendless_adj",1
"friendly_adj",1
"frightful_adj",1
"frisky_adj",1
"fun_n",1
"furrow_v",1
"future_n",1
"gabble_v",1
"gangway_n",1
"gap_v",1
"gate_v",1
"gay_n",1
"gaze_n",1
"genealogical_adj",1
"general_n",1
"gesture_n",1
"ghostly_adj",1
"give_n",1
"giver_n",1
"gladden_v",1
"gladly_adv",1
"gladness_n",1
"glare_n",1
"glaze_v",1
"going_n",1
"goodness_n",1
"goods_n",1
"gradual_adj",1
"grandsire_n",1
"grateful_adj",1
"gratify_v",1
"gratitude_n",1
"graver_n",1
"greatness_n",1
"greedily_adv",1
"greeting_n",1
"grimness_n",1
"grind_n",1
"grip_n",1
"grist_n",1
"groaning_n",1
"grope_n",1
"grope_v",1
"grot_n",1
"guilty_adj",1
"gully_n",1
"halfway_adv",1
"hallow_n",1
"hallows_n",1
"halve_v",1
"hand_v",1
"handicraft_n",1
"handkerchief_n",1
"handle_n",1
"handsome_adj",1
"hard_adv",1
"hardness_n",1
"harm_v",1
"hastily_adv",1
"hatred_n",1
"haul_v",1
"hazard_v",1
"head_v",1
"headway_n",1
"healing_n",1
"hearten_v",1
"heavily_adv",1
"heaviness_n",1
"hedgehog_n",1
"hedgerow_n",1
"helper_n",1
"helpless_adj",1
"hemlock_n",1
"henceforth_adv",1
"hereafter_adv",1
"herself_pron",1
"hesitate_v",1
"hi_interj",1
"high_adv",1
"highland_n",1
"highway_n",1
"hillock_n",1
"himself_pron",1
"hindrance_n",1
"holding_n",1
"hole_v",1
"holiday_n",1
"hollow_n",1
"hollow_v",1
"home_v",1
"homecoming_n",1
"homeless_adj",1
"horrify_v",1
"horse_v",1
"hovel_n",1
"hued_adj",1
"humorous_adj",1
"hunt_n",1
"hunting_n",1
"hush_v",1
"idly_adv",1
"ill_adj",1
"immortal_adj",1
"immovable_adj",1
"impervious_adj",1
"important_adj",1
"improvement_n",1
"impudence_n",1
"impulse_n",1
"include_v",1
"inclusion_n",1
"incompatible_adj",1
"indeed_adv",1
"indignant_adj",1
"indomitable_adj",1
"inevitable_adj",1
"inexhaustible_adj",1
"inimitable_adj",1
"innumerable_adj",1
"inscribe_v",1
"inscription_n",1
"insecure_adj",1
"insecurity_n",1
"insolence_n",1
"instruct_v",1
"intact_adj",1
"interior_adj",1
"interrupt_v",1
"interruption_n",1
"into_prep",1
"intolerable_adj",1
"intricate_adj",1
"introduce_v",1
"invade_v",1
"invent_v",1
"investigate_v",1
"investigator_n",1
"invitation_n",1
"irrevocable_adj",1
"islet_n",1
"itch_n",1
"its_pron",1
"itself_pron",1
"jerkin_n",1
"jest_v",1
"jog_v",1
"joke_v",1
"jolt_v",1
"keenly_adv",1
"keep_n",1
"keystone_n",1
"kindly_adj",1
"kindness_n",1
"kindred_n",1
"kingship_n",1
"kinsman_n",1
"knee_v",1
"knighthood_n",1
"knock_v",1
"knowledgeable_adj",1
"known_adj",1
"lag_v",1
"lam_v",1
"landmark_n",1
"last_adv",1
"lately_adv",1
"later_adj",1
"later_adv",1
"latter_adj",1
"layer_n",1
"leanness_n",1
"learning_n",1
"leechcraft_n",1
"left_n",1
"legendary_adj",1
"level_v",1
"lighting_n",1
"lightless_adj",1
"like_n",1
"liking_n",1
"limp_adj",1
"lind_n",1
"little_n",1
"living_n",1
"loathing_n",1
"lode_n",1
"long_adv",1
"longing_n",1
"look_n",1
"loom_n",1
"lover_n",1
"loving_adj",1
"luminous_adj",1
"manfully_adv",1
"manuscript_n",1
"marge_n",1
"marking_n",1
"marksman_n",1
"marshland_n",1
"mask_v",1
"matriarch_n",1
"mature_adj",1
"maul_v",1
"meeting_n",1
"memorable_adj",1
"merrily_adv",1
"merriment_n",1
"middle_n",1
"midst_n",1
"midsummer_n",1
"might_v",1
"mightily_adv",1
"misgiving_n",1
"mistake_v",1
"moan_n",1
"moan_v",1
"moderate_adj",1
"molten_adj",1
"morning_n",1
"mortal_n",1
"mountaineer_n",1
"mountainous_adj",1
"multitudinous_adj",1
"murderous_adj",1
"musical_adj",1
"myself_pron",1
"nakedness_n",1
"napping_n",1
"narrow_n",1
"nearby_adv",1
"neck_v",1
"neglect_v",1
"nevertheless_adv",1
"newcomer_n",1
"nicely_adv",1
"ninth_adj",1
"nonsense_n",1
"nor_conj",1
"northland_n",1
"northward_adv",1
"nostril_n",1
"not_adv",1
"notch_v",1
"nowadays_adv",1
"numerous_adj",1
"oblong_adj",1
"obstinate_adj",1
"obvious_adj",1
"off_adv",1
"off_prep",1
"often_adv",1
"olden_adj",1
"omen_n",1
"ominous_adj",1
"omit_v",1
"onlooker_n",1
"onset_n",1
"open_n",1
"opener_n",1
"opening_n",1
"opponent_n",1
"ours_pron",1
"out_adj",1
"out_v",1
"outer_adj",1
"overboard_adv",1
"overgrown_adj",1
"overhead_adv",1
"overlook_v",1
"overtake_v",1
"overwhelm_v",1
"own_v",1
"owner_n",1
"oxen_n",1
"package_n",1
"pallid_adj",1
"panoply_n",1
"parental_adj",1
"passing_n",1
"paw_v",1
"peach_v",1
"peak_n",1
"peal_n",1
"peculiarity_n",1
"performance_n",1
"pippin_n",1
"plantation_n",1
"planting_n",1
"polite_adj",1
"pollute_v",1
"pond_n",1
"ponderous_adj",1
"pong_n",1
"portend_v",1
"postpone_v",1
"postscript_n",1
"potency_n",1
"potter_v",1
"praise_n",1
"presage_n",1
"prevent_v",1
"previous_adj",1
"primeval_adj",1
"probe_v",1
"proclaim_v",1
"produce_v",1
"prompt_v",1
"prostrate_adj",1
"protrude_v",1
"proudly_adv",1
"puff_n",1
"punctual_adj",1
"quickbeam_n",1
"quickly_adv",1
"quiet_v",1
"quite_adv",1
"quotation_n",1
"radiance_n",1
"radiant_adj",1
"raid_n",1
"rang_v",1
"rasher_n",1
"realize_v",1
"rebellious_adj",1
"recess_n",1
"recollect_v",1
"recommend_v",1
"recruit_v",1
"regret_n",1
"relapse_v",1
"remarkable_adj",1
"remit_v",1
"remote_adj",1
"resinous_adj",1
"result_v",1
"retirement_n",1
"retrace_v",1
"revenge_n",1
"ridiculous_adj",1
"rightful_adj",1
"rightly_adv",1
"ringing_n",1
"ripeness_n",1
"ripple_n",1
"rival_n",1
"rivalry_n",1
"roar_n",1
"ruin_v",1
"ruination_n",1
"running_n",1
"rustic_adj",1
"saddle_v",1
"sadness_n",1
"safe_n",1
"sailing_n",1
"say_n",1
"saying_n",1
"scatter_v",1
"scrabble_v",1
"scramble_n",1
"scratch_v",1
"scream_n",1
"second_n",1
"seed_v",1
"select_v",1
"semicircle_n",1
"series_n",1
"setting_n",1
"shadowy_adj",1
"shady_adj",1
"shallow_adj",1
"sharpness_n",1
"sheepish_adj",1
"shine_n",1
"shipwright_n",1
"shooting_n",1
"shorn_adj",1
"shorten_v",1
"shout_v",1
"shrewd_adj",1
"shriek_v",1
"shroud_v",1
"shrug_v",1
"sick_n",1
"significant_adj",1
"silent_adj",1
"silken_adj",1
"simple_n",1
"since_adv",1
"since_conj",1
"since_prep",1
"sinuous_adj",1
"skilled_adj",1
"slain_adj",1
"slash_v",1
"sleek_adj",1
"slipper_n",1
"slit_n",1
"slow_v",1
"smell_n",1
"smelling_n",1
"snick_v",1
"soldiery_n",1
"somehow_adv",1
"somewhat_adv",1
"sonorous_adj",1
"sorceress_n",1
"sorely_adv",1
"southward_adv",1
"spare_n",1
"sparkle_v",1
"sparkler_n",1
"specialize_v",1
"splinter_v",1
"spokesman_n",1
"spur_v",1
"squeak_v",1
"squeal_v",1
"stank_v",1
"stave_n",1
"steam_v",1
"sticky_adj",1
"stiffen_v",1
"sting_n",1
"stir_n",1
"straighten_v",1
"strengthen_v",1
"strict_adj",1
"submit_v",1
"subside_v",1
"subterranean_adj",1
"suggest_v",1
"sunbeam_n",1
"sunrise_n",1
"sunshine_n",1
"superb_adj",1
"supplement_v",1
"surge_v",1
"surpass_v",1
"sway_n",1
"sweet_n",1
"sweetly_adv",1
"sweetness_n",1
"swelling_n",1
"swing_n",1
"swollen_adj",1
"swoon_n",1
"swordsman_n",1
"teaching_n",1
"temperament_n",1
"temporary_adj",1
"tentacle_n",1
"terrific_adj",1
"terrify_v",1
"territory_n",1
"texture_n",1
"thankful_adj",1
"these_pron",1
"thickness_n",1
"thievery_n",1
"those_pron",1
"thoughtful_adj",1
"threaten_v",1
"thrice_adv",1
"throttle_v",1
"thud_v",1
"tie_v",1
"tighten_v",1
"tilth_n",1
"time_v",1
"toad_n",1
"toll_v",1
"toss_v",1
"totter_v",1
"toward_prep",1
"trail_n",1
"transparency_n",1
"transparent_adj",1
"trap_v",1
"travel_v",1
"tremendous_adj",1
"trial_n",1
"tributary_adj",1
"tributary_n",1
"trodden_adj",1
"troth_n",1
"trust_v",1
"trusty_adj",1
"twin_n",1
"twist_v",1
"ultimate_adj",1
"umbel_n",1
"unbearable_adj",1
"unbroken_adj",1
"unburden_v",1
"unburied_adj",1
"unclean_adj",1
"undead_adj",1
"underground_adv",1
"underneath_adv",1
"understanding_n",1
"undo_v",1
"unfaithful_adj",1
"unfasten_v",1
"unhappily_adv",1
"uniform_n",1
"unknown_adj",1
"unlearned_adj",1
"unlock_v",1
"unloose_v",1
"unmarked_adj",1
"unshod_adj",1
"untie_v",1
"unto_prep",1
"unwary_adj",1
"unwisely_adv",1
"up_v",1
"upland_n",1
"uptake_n",1
"uttermost_adj",1
"various_adj",1
"venture_n",1
"verily_adv",1
"visit_n",1
"vital_adj",1
"voluntary_adj",1
"vomit_v",1
"vote_n",1
"vulgar_adj",1
"wail_v",1
"wall_v",1
"warm_v",1
"warning_n",1
"wash_n",1
"waterway_n",1
"wealth_n",1
"weary_v",1
"weather_v",1
"wedding_n",1
"weed_v",1
"welcome_v",1
"well_n",1
"western_adj",1
"westward_adv",1
"wet_v",1
"whence_adv",1
"whence_conj",1
"whimper_v",1
"whinny_v",1
"whirlwind_n",1
"whisker_n",1
"whispering_n",1
"whistle_n",1
"whistling_n",1
"white_n",1
"whiten_v",1
"whiteness_n",1
"whoever_pron",1
"wholesome_adj",1
"wholly_adv",1
"whose_pron",1
"wicked_adj",1
"width_n",1
"wild_v",1
"willing_adj",1
"win_n",1
"windy_adj",1
"wisely_adv",1
"withdraw_v",1
"withhold_v",1
"within_prep",1
"without_prep",1
"witless_adj",1
"wonderful_adj",1
"wondrous_adj",1
"woodland_n",1
"worker_n",1
"worn_adj",1
"worth_n",1
"worthy_adj",1
"wrap_v",1
"wreathe_v",1
"wrench_n",1
"writing_n",1
"wrong_n",1
"yelp_n",1
"yesterday_n",1
"yield_n",1
"youngster_n",1
